protein_id,frozen_pair,seed,model,rank_within_seed,sequence_length,global_mean_plddt,global_fraction_plddt_ge70,ptm,residue_a,residue_a_type,residue_a_plddt,residue_b,residue_b_type,residue_b_plddt,min_pair_plddt,symmetric_pair_pae_A,donor_atom_a,donor_atom_b,donor_distance_A,donor_sasa_a_A2,donor_sasa_b_A2,mean_donor_sasa_A2,pass_distance_2p5_to_5A,pass_both_residue_plddt_ge70,pass_symmetric_pair_pae_le10A,pass_mean_donor_sasa_ge5A2,qualifies_all_predefined_criteria,failed_criterion_count,pdb_path,score_json_path,selected_representative_for_pymol,short_id
MtrunR108HiC_001767.1,H27-C136,0,1,4.0,843,87.49670225385528,0.9276393831553974,0.74,27,H,82.38,136,C,80.94,80.94,2.825,NE2,SG,4.2881597451587545,8.201913020359548,0.0,4.100956510179774,True,True,True,False,False,1,./5 seeds 5 models/NCC1_5seed5model_item_04_MtrunR108HiC_001767.1_isolated_seeds/seed_000/MtrunR108HiC_001767.1_unrelaxed_rank_004_alphafold2_ptm_model_1_seed_000.pdb,./5 seeds 5 models/NCC1_5seed5model_item_04_MtrunR108HiC_001767.1_isolated_seeds/seed_000/MtrunR108HiC_001767.1_scores_rank_004_alphafold2_ptm_model_1_seed_000.json,False,001767
MtrunR108HiC_001767.1,H27-C136,0,2,1.0,843,89.58542111506523,0.9608540925266904,0.79,27,H,85.88,136,C,83.56,83.56,2.37,NE2,SG,4.350799236921879,12.302869530539336,1.6084954386379686,6.955682484588651,True,True,True,True,True,0,./5 seeds 5 models/NCC1_5seed5model_item_04_MtrunR108HiC_001767.1_isolated_seeds/seed_000/MtrunR108HiC_001767.1_unrelaxed_rank_001_alphafold2_ptm_model_2_seed_000.pdb,./5 seeds 5 models/NCC1_5seed5model_item_04_MtrunR108HiC_001767.1_isolated_seeds/seed_000/MtrunR108HiC_001767.1_scores_rank_001_alphafold2_ptm_model_2_seed_000.json,False,001767
MtrunR108HiC_001767.1,H27-C136,0,3,3.0,843,89.25854092526691,0.970344009489917,0.81,27,H,88.88,136,C,84.44,84.44,2.815,NE2,SG,4.298884622782984,12.302869530539336,3.753156023488608,8.028012777013972,True,True,True,True,True,0,./5 seeds 5 models/NCC1_5seed5model_item_04_MtrunR108HiC_001767.1_isolated_seeds/seed_000/MtrunR108HiC_001767.1_unrelaxed_rank_003_alphafold2_ptm_model_3_seed_000.pdb,./5 seeds 5 models/NCC1_5seed5model_item_04_MtrunR108HiC_001767.1_isolated_seeds/seed_000/MtrunR108HiC_001767.1_scores_rank_003_alphafold2_ptm_model_3_seed_000.json,False,001767
MtrunR108HiC_001767.1,H27-C136,0,4,5.0,843,86.71775800711744,0.9501779359430604,0.77,27,H,84.25,136,C,82.75,82.75,3.605,NE2,SG,4.379837554065218,11.847207696074904,6.97014690076456,9.408677298419732,True,True,True,True,True,0,./5 seeds 5 models/NCC1_5seed5model_item_04_MtrunR108HiC_001767.1_isolated_seeds/seed_000/MtrunR108HiC_001767.1_unrelaxed_rank_005_alphafold2_ptm_model_4_seed_000.pdb,./5 seeds 5 models/NCC1_5seed5model_item_04_MtrunR108HiC_001767.1_isolated_seeds/seed_000/MtrunR108HiC_001767.1_scores_rank_005_alphafold2_ptm_model_4_seed_000.json,False,001767
MtrunR108HiC_001767.1,H27-C136,0,5,2.0,843,89.25468564650059,0.966785290628707,0.82,27,H,87.88,136,C,85.44,85.44,2.3899999999999997,NE2,SG,4.3194676755359565,11.847207696074904,5.361651462126576,8.60442957910074,True,True,True,True,True,0,./5 seeds 5 models/NCC1_5seed5model_item_04_MtrunR108HiC_001767.1_isolated_seeds/seed_000/MtrunR108HiC_001767.1_unrelaxed_rank_002_alphafold2_ptm_model_5_seed_000.pdb,./5 seeds 5 models/NCC1_5seed5model_item_04_MtrunR108HiC_001767.1_isolated_seeds/seed_000/MtrunR108HiC_001767.1_scores_rank_002_alphafold2_ptm_model_5_seed_000.json,False,001767
MtrunR108HiC_001767.1,H27-C136,1,1,4.0,843,87.13931198102017,0.9122182680901542,0.71,27,H,80.19,136,C,76.62,76.62,3.035,NE2,SG,4.332271228812895,17.315149709647944,0.5361651462126562,8.9256574279303,True,True,True,True,True,0,./5 seeds 5 models/NCC1_5seed5model_item_04_MtrunR108HiC_001767.1_isolated_seeds/seed_001/MtrunR108HiC_001767.1_unrelaxed_rank_004_alphafold2_ptm_model_1_seed_001.pdb,./5 seeds 5 models/NCC1_5seed5model_item_04_MtrunR108HiC_001767.1_isolated_seeds/seed_001/MtrunR108HiC_001767.1_scores_rank_004_alphafold2_ptm_model_1_seed_001.json,False,001767
MtrunR108HiC_001767.1,H27-C136,1,2,1.0,843,88.87667852906289,0.9442467378410438,0.78,27,H,84.5,136,C,82.81,82.81,2.645,NE2,SG,4.316856495182576,12.758531365003751,2.144660584850639,7.451595974927195,True,True,True,True,True,0,./5 seeds 5 models/NCC1_5seed5model_item_04_MtrunR108HiC_001767.1_isolated_seeds/seed_001/MtrunR108HiC_001767.1_unrelaxed_rank_001_alphafold2_ptm_model_2_seed_001.pdb,./5 seeds 5 models/NCC1_5seed5model_item_04_MtrunR108HiC_001767.1_isolated_seeds/seed_001/MtrunR108HiC_001767.1_scores_rank_001_alphafold2_ptm_model_2_seed_001.json,False,001767
MtrunR108HiC_001767.1,H27-C136,1,3,3.0,843,87.37637010676157,0.9489916963226572,0.79,27,H,86.62,136,C,79.81,79.81,3.23,NE2,SG,4.279703143910801,14.125516868397009,5.361651462126576,9.743584165261792,True,True,True,True,True,0,./5 seeds 5 models/NCC1_5seed5model_item_04_MtrunR108HiC_001767.1_isolated_seeds/seed_001/MtrunR108HiC_001767.1_unrelaxed_rank_003_alphafold2_ptm_model_3_seed_001.pdb,./5 seeds 5 models/NCC1_5seed5model_item_04_MtrunR108HiC_001767.1_isolated_seeds/seed_001/MtrunR108HiC_001767.1_scores_rank_003_alphafold2_ptm_model_3_seed_001.json,False,001767
MtrunR108HiC_001767.1,H27-C136,1,4,5.0,843,85.97669039145909,0.9430604982206404,0.78,27,H,83.94,136,C,81.81,81.81,3.755,NE2,SG,4.295793640295121,11.391545861610489,3.2169908772759515,7.3042683694432196,True,True,True,True,True,0,./5 seeds 5 models/NCC1_5seed5model_item_04_MtrunR108HiC_001767.1_isolated_seeds/seed_001/MtrunR108HiC_001767.1_unrelaxed_rank_005_alphafold2_ptm_model_4_seed_001.pdb,./5 seeds 5 models/NCC1_5seed5model_item_04_MtrunR108HiC_001767.1_isolated_seeds/seed_001/MtrunR108HiC_001767.1_scores_rank_005_alphafold2_ptm_model_4_seed_001.json,False,001767
MtrunR108HiC_001767.1,H27-C136,1,5,2.0,843,88.330059311981,0.9501779359430604,0.81,27,H,86.56,136,C,82.5,82.5,2.4000000000000004,NE2,SG,4.284474413507449,9.568898523752814,4.8254863159139205,7.197192419833367,True,True,True,True,True,0,./5 seeds 5 models/NCC1_5seed5model_item_04_MtrunR108HiC_001767.1_isolated_seeds/seed_001/MtrunR108HiC_001767.1_unrelaxed_rank_002_alphafold2_ptm_model_5_seed_001.pdb,./5 seeds 5 models/NCC1_5seed5model_item_04_MtrunR108HiC_001767.1_isolated_seeds/seed_001/MtrunR108HiC_001767.1_scores_rank_002_alphafold2_ptm_model_5_seed_001.json,False,001767
MtrunR108HiC_001767.1,H27-C136,2,1,4.0,843,87.54956109134045,0.9217081850533808,0.74,27,H,82.06,136,C,81.31,81.31,2.95,NE2,SG,4.289061785519066,9.113236689288396,0.0,4.556618344644198,True,True,True,False,False,1,./5 seeds 5 models/NCC1_5seed5model_item_04_MtrunR108HiC_001767.1_isolated_seeds/seed_002/MtrunR108HiC_001767.1_unrelaxed_rank_004_alphafold2_ptm_model_1_seed_002.pdb,./5 seeds 5 models/NCC1_5seed5model_item_04_MtrunR108HiC_001767.1_isolated_seeds/seed_002/MtrunR108HiC_001767.1_scores_rank_004_alphafold2_ptm_model_1_seed_002.json,False,001767
MtrunR108HiC_001767.1,H27-C136,2,2,1.0,843,89.04883748517202,0.9525504151838672,0.78,27,H,84.5,136,C,82.81,82.81,2.425,NE2,SG,4.309524103656922,11.847207696074904,2.6808257310632957,7.2640167135691,True,True,True,True,True,0,./5 seeds 5 models/NCC1_5seed5model_item_04_MtrunR108HiC_001767.1_isolated_seeds/seed_002/MtrunR108HiC_001767.1_unrelaxed_rank_001_alphafold2_ptm_model_2_seed_002.pdb,./5 seeds 5 models/NCC1_5seed5model_item_04_MtrunR108HiC_001767.1_isolated_seeds/seed_002/MtrunR108HiC_001767.1_scores_rank_001_alphafold2_ptm_model_2_seed_002.json,False,001767
MtrunR108HiC_001767.1,H27-C136,2,3,2.0,843,88.56376037959667,0.9644128113879004,0.81,27,H,87.0,136,C,82.75,82.75,3.425,NE2,SG,4.288041161183041,13.669855033932588,3.2169908772759515,8.44342295560427,True,True,True,True,True,0,./5 seeds 5 models/NCC1_5seed5model_item_04_MtrunR108HiC_001767.1_isolated_seeds/seed_002/MtrunR108HiC_001767.1_unrelaxed_rank_002_alphafold2_ptm_model_3_seed_002.pdb,./5 seeds 5 models/NCC1_5seed5model_item_04_MtrunR108HiC_001767.1_isolated_seeds/seed_002/MtrunR108HiC_001767.1_scores_rank_002_alphafold2_ptm_model_3_seed_002.json,False,001767
MtrunR108HiC_001767.1,H27-C136,2,4,5.0,843,86.58187425860022,0.9489916963226572,0.78,27,H,83.25,136,C,82.12,82.12,3.675,NE2,SG,4.313802035328001,9.113236689288396,0.0,4.556618344644198,True,True,True,False,False,1,./5 seeds 5 models/NCC1_5seed5model_item_04_MtrunR108HiC_001767.1_isolated_seeds/seed_002/MtrunR108HiC_001767.1_unrelaxed_rank_005_alphafold2_ptm_model_4_seed_002.pdb,./5 seeds 5 models/NCC1_5seed5model_item_04_MtrunR108HiC_001767.1_isolated_seeds/seed_002/MtrunR108HiC_001767.1_scores_rank_005_alphafold2_ptm_model_4_seed_002.json,False,001767
MtrunR108HiC_001767.1,H27-C136,2,5,3.0,843,87.94169632265717,0.951364175563464,0.81,27,H,85.12,136,C,82.25,82.25,2.8200000000000003,NE2,SG,4.246358793130887,9.113236689288396,4.8254863159139205,6.969361502601158,True,True,True,True,True,0,./5 seeds 5 models/NCC1_5seed5model_item_04_MtrunR108HiC_001767.1_isolated_seeds/seed_002/MtrunR108HiC_001767.1_unrelaxed_rank_003_alphafold2_ptm_model_5_seed_002.pdb,./5 seeds 5 models/NCC1_5seed5model_item_04_MtrunR108HiC_001767.1_isolated_seeds/seed_002/MtrunR108HiC_001767.1_scores_rank_003_alphafold2_ptm_model_5_seed_002.json,False,001767
MtrunR108HiC_001767.1,H27-C136,3,1,4.0,843,87.90661921708185,0.9347568208778172,0.75,27,H,82.88,136,C,82.5,82.5,2.96,NE2,SG,4.316051552055419,12.302869530539336,1.6084954386379686,6.955682484588651,True,True,True,True,True,0,./5 seeds 5 models/NCC1_5seed5model_item_04_MtrunR108HiC_001767.1_isolated_seeds/seed_003/MtrunR108HiC_001767.1_unrelaxed_rank_004_alphafold2_ptm_model_1_seed_003.pdb,./5 seeds 5 models/NCC1_5seed5model_item_04_MtrunR108HiC_001767.1_isolated_seeds/seed_003/MtrunR108HiC_001767.1_scores_rank_004_alphafold2_ptm_model_1_seed_003.json,True,001767
MtrunR108HiC_001767.1,H27-C136,3,2,3.0,843,88.5675919335706,0.9240806642941874,0.75,27,H,80.88,136,C,76.38,76.38,2.2699999999999996,NE2,SG,4.442065060306974,3.189632841250938,13.40412865531645,8.296880748283694,True,True,True,True,True,0,./5 seeds 5 models/NCC1_5seed5model_item_04_MtrunR108HiC_001767.1_isolated_seeds/seed_003/MtrunR108HiC_001767.1_unrelaxed_rank_003_alphafold2_ptm_model_2_seed_003.pdb,./5 seeds 5 models/NCC1_5seed5model_item_04_MtrunR108HiC_001767.1_isolated_seeds/seed_003/MtrunR108HiC_001767.1_scores_rank_003_alphafold2_ptm_model_2_seed_003.json,False,001767
MtrunR108HiC_001767.1,H27-C136,3,3,2.0,843,88.92447212336893,0.9644128113879004,0.81,27,H,87.81,136,C,83.38,83.38,3.285,NE2,SG,4.279603836805458,12.758531365003751,2.6808257310632957,7.7196785480335235,True,True,True,True,True,0,./5 seeds 5 models/NCC1_5seed5model_item_04_MtrunR108HiC_001767.1_isolated_seeds/seed_003/MtrunR108HiC_001767.1_unrelaxed_rank_002_alphafold2_ptm_model_3_seed_003.pdb,./5 seeds 5 models/NCC1_5seed5model_item_04_MtrunR108HiC_001767.1_isolated_seeds/seed_003/MtrunR108HiC_001767.1_scores_rank_002_alphafold2_ptm_model_3_seed_003.json,False,001767
MtrunR108HiC_001767.1,H27-C136,3,4,5.0,843,87.60079478054567,0.9537366548042704,0.78,27,H,84.56,136,C,83.06,83.06,3.63,NE2,SG,4.307939994939577,11.391545861610489,2.144660584850639,6.768103223230563,True,True,True,True,True,0,./5 seeds 5 models/NCC1_5seed5model_item_04_MtrunR108HiC_001767.1_isolated_seeds/seed_003/MtrunR108HiC_001767.1_unrelaxed_rank_005_alphafold2_ptm_model_4_seed_003.pdb,./5 seeds 5 models/NCC1_5seed5model_item_04_MtrunR108HiC_001767.1_isolated_seeds/seed_003/MtrunR108HiC_001767.1_scores_rank_005_alphafold2_ptm_model_4_seed_003.json,False,001767
MtrunR108HiC_001767.1,H27-C136,3,5,1.0,843,88.92521945432976,0.9596678529062872,0.82,27,H,87.06,136,C,84.44,84.44,2.5,NE2,SG,4.310586503017889,11.391545861610489,4.8254863159139205,8.108516088762205,True,True,True,True,True,0,./5 seeds 5 models/NCC1_5seed5model_item_04_MtrunR108HiC_001767.1_isolated_seeds/seed_003/MtrunR108HiC_001767.1_unrelaxed_rank_001_alphafold2_ptm_model_5_seed_003.pdb,./5 seeds 5 models/NCC1_5seed5model_item_04_MtrunR108HiC_001767.1_isolated_seeds/seed_003/MtrunR108HiC_001767.1_scores_rank_001_alphafold2_ptm_model_5_seed_003.json,False,001767
MtrunR108HiC_001767.1,H27-C136,4,1,4.0,843,87.0702728351127,0.9193357058125742,0.73,27,H,82.06,136,C,81.19,81.19,3.175,NE2,SG,4.248993527883986,10.024560358217231,0.0,5.012280179108616,True,True,True,True,True,0,./5 seeds 5 models/NCC1_5seed5model_item_04_MtrunR108HiC_001767.1_isolated_seeds/seed_004/MtrunR108HiC_001767.1_unrelaxed_rank_004_alphafold2_ptm_model_1_seed_004.pdb,./5 seeds 5 models/NCC1_5seed5model_item_04_MtrunR108HiC_001767.1_isolated_seeds/seed_004/MtrunR108HiC_001767.1_scores_rank_004_alphafold2_ptm_model_1_seed_004.json,False,001767
MtrunR108HiC_001767.1,H27-C136,4,2,3.0,843,87.93395017793596,0.9252669039145908,0.74,27,H,80.38,136,C,75.25,75.25,2.58,NE2,SG,4.363214411417344,5.01228017910861,18.229614971230383,11.620947575169495,True,True,True,True,True,0,./5 seeds 5 models/NCC1_5seed5model_item_04_MtrunR108HiC_001767.1_isolated_seeds/seed_004/MtrunR108HiC_001767.1_unrelaxed_rank_003_alphafold2_ptm_model_2_seed_004.pdb,./5 seeds 5 models/NCC1_5seed5model_item_04_MtrunR108HiC_001767.1_isolated_seeds/seed_004/MtrunR108HiC_001767.1_scores_rank_003_alphafold2_ptm_model_2_seed_004.json,False,001767
MtrunR108HiC_001767.1,H27-C136,4,3,2.0,843,87.96226571767497,0.9561091340450772,0.8,27,H,87.0,136,C,81.69,81.69,3.205,NE2,SG,4.325785708978196,11.847207696074904,2.144660584850639,6.995934140462771,True,True,True,True,True,0,./5 seeds 5 models/NCC1_5seed5model_item_04_MtrunR108HiC_001767.1_isolated_seeds/seed_004/MtrunR108HiC_001767.1_unrelaxed_rank_002_alphafold2_ptm_model_3_seed_004.pdb,./5 seeds 5 models/NCC1_5seed5model_item_04_MtrunR108HiC_001767.1_isolated_seeds/seed_004/MtrunR108HiC_001767.1_scores_rank_002_alphafold2_ptm_model_3_seed_004.json,False,001767
MtrunR108HiC_001767.1,H27-C136,4,4,5.0,843,85.62653618030842,0.9418742586002372,0.76,27,H,83.38,136,C,82.06,82.06,4.14,NE2,SG,4.359266107959,10.935884027146068,5.897816608339233,8.41685031774265,True,True,True,True,True,0,./5 seeds 5 models/NCC1_5seed5model_item_04_MtrunR108HiC_001767.1_isolated_seeds/seed_004/MtrunR108HiC_001767.1_unrelaxed_rank_005_alphafold2_ptm_model_4_seed_004.pdb,./5 seeds 5 models/NCC1_5seed5model_item_04_MtrunR108HiC_001767.1_isolated_seeds/seed_004/MtrunR108HiC_001767.1_scores_rank_005_alphafold2_ptm_model_4_seed_004.json,False,001767
MtrunR108HiC_001767.1,H27-C136,4,5,1.0,843,88.37667852906289,0.951364175563464,0.81,27,H,85.38,136,C,80.44,80.44,2.635,NE2,SG,4.302555752108275,12.302869530539336,5.361651462126576,8.832260496332955,True,True,True,True,True,0,./5 seeds 5 models/NCC1_5seed5model_item_04_MtrunR108HiC_001767.1_isolated_seeds/seed_004/MtrunR108HiC_001767.1_unrelaxed_rank_001_alphafold2_ptm_model_5_seed_004.pdb,./5 seeds 5 models/NCC1_5seed5model_item_04_MtrunR108HiC_001767.1_isolated_seeds/seed_004/MtrunR108HiC_001767.1_scores_rank_001_alphafold2_ptm_model_5_seed_004.json,False,001767
MtrunR108HiC_005650.1,C469-C481,0,1,4.0,485,84.46220618556703,0.8371134020618557,0.82,469,C,95.5,481,C,92.12,92.12,1.995,SG,SG,3.709311661211552,11.79563321667848,2.6808257310632957,7.238229473870888,True,True,True,True,True,0,./5 seeds 5 models/NCC1_5seed5model_item_02_MtrunR108HiC_005650.1_isolated_seeds/seed_000/MtrunR108HiC_005650.1_unrelaxed_rank_004_alphafold2_ptm_model_1_seed_000.pdb,./5 seeds 5 models/NCC1_5seed5model_item_02_MtrunR108HiC_005650.1_isolated_seeds/seed_000/MtrunR108HiC_005650.1_scores_rank_004_alphafold2_ptm_model_1_seed_000.json,False,005650
MtrunR108HiC_005650.1,C469-C481,0,2,3.0,485,84.87707216494844,0.8268041237113402,0.83,469,C,94.75,481,C,91.06,91.06,1.815,SG,SG,3.8407037115612046,13.40412865531645,2.144660584850639,7.774394620083544,True,True,True,True,True,0,./5 seeds 5 models/NCC1_5seed5model_item_02_MtrunR108HiC_005650.1_isolated_seeds/seed_000/MtrunR108HiC_005650.1_unrelaxed_rank_003_alphafold2_ptm_model_2_seed_000.pdb,./5 seeds 5 models/NCC1_5seed5model_item_02_MtrunR108HiC_005650.1_isolated_seeds/seed_000/MtrunR108HiC_005650.1_scores_rank_003_alphafold2_ptm_model_2_seed_000.json,False,005650
MtrunR108HiC_005650.1,C469-C481,0,3,1.0,485,85.61515463917524,0.8350515463917526,0.83,469,C,95.31,481,C,92.38,92.38,1.64,SG,SG,3.811349104975822,13.940293801529103,4.289321169701264,9.114807485615184,True,True,True,True,True,0,./5 seeds 5 models/NCC1_5seed5model_item_02_MtrunR108HiC_005650.1_isolated_seeds/seed_000/MtrunR108HiC_005650.1_unrelaxed_rank_001_alphafold2_ptm_model_3_seed_000.pdb,./5 seeds 5 models/NCC1_5seed5model_item_02_MtrunR108HiC_005650.1_isolated_seeds/seed_000/MtrunR108HiC_005650.1_scores_rank_001_alphafold2_ptm_model_3_seed_000.json,False,005650
MtrunR108HiC_005650.1,C469-C481,0,4,5.0,485,84.3915257731959,0.8268041237113402,0.83,469,C,95.44,481,C,92.62,92.62,1.69,SG,SG,3.8342344737900422,14.476458947741776,2.6808257310632957,8.578642339402535,True,True,True,True,True,0,./5 seeds 5 models/NCC1_5seed5model_item_02_MtrunR108HiC_005650.1_isolated_seeds/seed_000/MtrunR108HiC_005650.1_unrelaxed_rank_005_alphafold2_ptm_model_4_seed_000.pdb,./5 seeds 5 models/NCC1_5seed5model_item_02_MtrunR108HiC_005650.1_isolated_seeds/seed_000/MtrunR108HiC_005650.1_scores_rank_005_alphafold2_ptm_model_4_seed_000.json,False,005650
MtrunR108HiC_005650.1,C469-C481,0,5,2.0,485,85.3377731958763,0.8288659793814434,0.84,469,C,94.56,481,C,90.25,90.25,1.89,SG,SG,3.785570102375598,14.476458947741776,2.6808257310632957,8.578642339402535,True,True,True,True,True,0,./5 seeds 5 models/NCC1_5seed5model_item_02_MtrunR108HiC_005650.1_isolated_seeds/seed_000/MtrunR108HiC_005650.1_unrelaxed_rank_002_alphafold2_ptm_model_5_seed_000.pdb,./5 seeds 5 models/NCC1_5seed5model_item_02_MtrunR108HiC_005650.1_isolated_seeds/seed_000/MtrunR108HiC_005650.1_scores_rank_002_alphafold2_ptm_model_5_seed_000.json,False,005650
MtrunR108HiC_005650.1,C469-C481,1,1,4.0,485,84.5319587628866,0.8329896907216495,0.82,469,C,95.5,481,C,92.12,92.12,1.97,SG,SG,3.70017256354349,11.259468070465823,2.144660584850639,6.702064327658231,True,True,True,True,True,0,./5 seeds 5 models/NCC1_5seed5model_item_02_MtrunR108HiC_005650.1_isolated_seeds/seed_001/MtrunR108HiC_005650.1_unrelaxed_rank_004_alphafold2_ptm_model_1_seed_001.pdb,./5 seeds 5 models/NCC1_5seed5model_item_02_MtrunR108HiC_005650.1_isolated_seeds/seed_001/MtrunR108HiC_005650.1_scores_rank_004_alphafold2_ptm_model_1_seed_001.json,False,005650
MtrunR108HiC_005650.1,C469-C481,1,2,3.0,485,85.03659793814433,0.8247422680412371,0.83,469,C,94.75,481,C,91.0,91.0,1.84,SG,SG,3.837511433207724,13.940293801529103,2.6808257310632957,8.3105597662962,True,True,True,True,True,0,./5 seeds 5 models/NCC1_5seed5model_item_02_MtrunR108HiC_005650.1_isolated_seeds/seed_001/MtrunR108HiC_005650.1_unrelaxed_rank_003_alphafold2_ptm_model_2_seed_001.pdb,./5 seeds 5 models/NCC1_5seed5model_item_02_MtrunR108HiC_005650.1_isolated_seeds/seed_001/MtrunR108HiC_005650.1_scores_rank_003_alphafold2_ptm_model_2_seed_001.json,False,005650
MtrunR108HiC_005650.1,C469-C481,1,3,2.0,485,85.58243298969072,0.8309278350515464,0.84,469,C,95.5,481,C,92.5,92.5,1.68,SG,SG,3.801215068895733,13.940293801529103,3.2169908772759515,8.578642339402528,True,True,True,True,True,0,./5 seeds 5 models/NCC1_5seed5model_item_02_MtrunR108HiC_005650.1_isolated_seeds/seed_001/MtrunR108HiC_005650.1_unrelaxed_rank_002_alphafold2_ptm_model_3_seed_001.pdb,./5 seeds 5 models/NCC1_5seed5model_item_02_MtrunR108HiC_005650.1_isolated_seeds/seed_001/MtrunR108HiC_005650.1_scores_rank_002_alphafold2_ptm_model_3_seed_001.json,False,005650
MtrunR108HiC_005650.1,C469-C481,1,4,5.0,485,84.46323711340206,0.8288659793814434,0.83,469,C,95.62,481,C,92.69,92.69,1.6800000000000002,SG,SG,3.834954367394741,13.40412865531645,2.6808257310632957,8.042477193189873,True,True,True,True,True,0,./5 seeds 5 models/NCC1_5seed5model_item_02_MtrunR108HiC_005650.1_isolated_seeds/seed_001/MtrunR108HiC_005650.1_unrelaxed_rank_005_alphafold2_ptm_model_4_seed_001.pdb,./5 seeds 5 models/NCC1_5seed5model_item_02_MtrunR108HiC_005650.1_isolated_seeds/seed_001/MtrunR108HiC_005650.1_scores_rank_005_alphafold2_ptm_model_4_seed_001.json,False,005650
MtrunR108HiC_005650.1,C469-C481,1,5,1.0,485,85.74107216494845,0.8391752577319588,0.84,469,C,94.31,481,C,90.25,90.25,1.97,SG,SG,3.7798113709549055,13.940293801529103,2.6808257310632957,8.3105597662962,True,True,True,True,True,0,./5 seeds 5 models/NCC1_5seed5model_item_02_MtrunR108HiC_005650.1_isolated_seeds/seed_001/MtrunR108HiC_005650.1_unrelaxed_rank_001_alphafold2_ptm_model_5_seed_001.pdb,./5 seeds 5 models/NCC1_5seed5model_item_02_MtrunR108HiC_005650.1_isolated_seeds/seed_001/MtrunR108HiC_005650.1_scores_rank_001_alphafold2_ptm_model_5_seed_001.json,False,005650
MtrunR108HiC_005650.1,C469-C481,2,1,3.0,485,85.36094845360824,0.8515463917525773,0.83,469,C,95.19,481,C,91.88,91.88,2.01,SG,SG,3.693004874082891,11.79563321667848,2.6808257310632957,7.238229473870888,True,True,True,True,True,0,./5 seeds 5 models/NCC1_5seed5model_item_02_MtrunR108HiC_005650.1_isolated_seeds/seed_002/MtrunR108HiC_005650.1_unrelaxed_rank_003_alphafold2_ptm_model_1_seed_002.pdb,./5 seeds 5 models/NCC1_5seed5model_item_02_MtrunR108HiC_005650.1_isolated_seeds/seed_002/MtrunR108HiC_005650.1_scores_rank_003_alphafold2_ptm_model_1_seed_002.json,False,005650
MtrunR108HiC_005650.1,C469-C481,2,2,4.0,485,85.0678350515464,0.8247422680412371,0.83,469,C,94.94,481,C,91.12,91.12,1.795,SG,SG,3.824846532869001,13.940293801529103,2.6808257310632957,8.3105597662962,True,True,True,True,True,0,./5 seeds 5 models/NCC1_5seed5model_item_02_MtrunR108HiC_005650.1_isolated_seeds/seed_002/MtrunR108HiC_005650.1_unrelaxed_rank_004_alphafold2_ptm_model_2_seed_002.pdb,./5 seeds 5 models/NCC1_5seed5model_item_02_MtrunR108HiC_005650.1_isolated_seeds/seed_002/MtrunR108HiC_005650.1_scores_rank_004_alphafold2_ptm_model_2_seed_002.json,True,005650
MtrunR108HiC_005650.1,C469-C481,2,3,2.0,485,85.62457731958763,0.8350515463917526,0.83,469,C,95.69,481,C,92.56,92.56,1.625,SG,SG,3.801219015000321,13.940293801529103,2.6808257310632957,8.3105597662962,True,True,True,True,True,0,./5 seeds 5 models/NCC1_5seed5model_item_02_MtrunR108HiC_005650.1_isolated_seeds/seed_002/MtrunR108HiC_005650.1_unrelaxed_rank_002_alphafold2_ptm_model_3_seed_002.pdb,./5 seeds 5 models/NCC1_5seed5model_item_02_MtrunR108HiC_005650.1_isolated_seeds/seed_002/MtrunR108HiC_005650.1_scores_rank_002_alphafold2_ptm_model_3_seed_002.json,False,005650
MtrunR108HiC_005650.1,C469-C481,2,4,5.0,485,84.84461855670104,0.8391752577319588,0.83,469,C,95.0,481,C,92.25,92.25,1.705,SG,SG,3.838637909467368,13.940293801529103,3.2169908772759515,8.578642339402528,True,True,True,True,True,0,./5 seeds 5 models/NCC1_5seed5model_item_02_MtrunR108HiC_005650.1_isolated_seeds/seed_002/MtrunR108HiC_005650.1_unrelaxed_rank_005_alphafold2_ptm_model_4_seed_002.pdb,./5 seeds 5 models/NCC1_5seed5model_item_02_MtrunR108HiC_005650.1_isolated_seeds/seed_002/MtrunR108HiC_005650.1_scores_rank_005_alphafold2_ptm_model_4_seed_002.json,False,005650
MtrunR108HiC_005650.1,C469-C481,2,5,1.0,485,85.75373195876288,0.8371134020618557,0.84,469,C,94.62,481,C,90.25,90.25,1.87,SG,SG,3.789874140390418,13.940293801529103,2.6808257310632957,8.3105597662962,True,True,True,True,True,0,./5 seeds 5 models/NCC1_5seed5model_item_02_MtrunR108HiC_005650.1_isolated_seeds/seed_002/MtrunR108HiC_005650.1_unrelaxed_rank_001_alphafold2_ptm_model_5_seed_002.pdb,./5 seeds 5 models/NCC1_5seed5model_item_02_MtrunR108HiC_005650.1_isolated_seeds/seed_002/MtrunR108HiC_005650.1_scores_rank_001_alphafold2_ptm_model_5_seed_002.json,False,005650
MtrunR108HiC_005650.1,C469-C481,3,1,5.0,485,84.60336082474227,0.8350515463917526,0.82,469,C,95.31,481,C,92.19,92.19,1.98,SG,SG,3.7088870298244454,11.79563321667848,2.6808257310632957,7.238229473870888,True,True,True,True,True,0,./5 seeds 5 models/NCC1_5seed5model_item_02_MtrunR108HiC_005650.1_isolated_seeds/seed_003/MtrunR108HiC_005650.1_unrelaxed_rank_005_alphafold2_ptm_model_1_seed_003.pdb,./5 seeds 5 models/NCC1_5seed5model_item_02_MtrunR108HiC_005650.1_isolated_seeds/seed_003/MtrunR108HiC_005650.1_scores_rank_005_alphafold2_ptm_model_1_seed_003.json,False,005650
MtrunR108HiC_005650.1,C469-C481,3,2,2.0,485,84.91414432989691,0.822680412371134,0.83,469,C,94.81,481,C,91.12,91.12,1.77,SG,SG,3.8040854354233415,13.40412865531645,2.6808257310632957,8.042477193189873,True,True,True,True,True,0,./5 seeds 5 models/NCC1_5seed5model_item_02_MtrunR108HiC_005650.1_isolated_seeds/seed_003/MtrunR108HiC_005650.1_unrelaxed_rank_002_alphafold2_ptm_model_2_seed_003.pdb,./5 seeds 5 models/NCC1_5seed5model_item_02_MtrunR108HiC_005650.1_isolated_seeds/seed_003/MtrunR108HiC_005650.1_scores_rank_002_alphafold2_ptm_model_2_seed_003.json,False,005650
MtrunR108HiC_005650.1,C469-C481,3,3,1.0,485,85.5960824742268,0.8350515463917526,0.84,469,C,95.38,481,C,92.5,92.5,1.625,SG,SG,3.8190463469300817,13.940293801529103,3.2169908772759515,8.578642339402528,True,True,True,True,True,0,./5 seeds 5 models/NCC1_5seed5model_item_02_MtrunR108HiC_005650.1_isolated_seeds/seed_003/MtrunR108HiC_005650.1_unrelaxed_rank_001_alphafold2_ptm_model_3_seed_003.pdb,./5 seeds 5 models/NCC1_5seed5model_item_02_MtrunR108HiC_005650.1_isolated_seeds/seed_003/MtrunR108HiC_005650.1_scores_rank_001_alphafold2_ptm_model_3_seed_003.json,False,005650
MtrunR108HiC_005650.1,C469-C481,3,4,4.0,485,84.67936082474226,0.8371134020618557,0.83,469,C,95.5,481,C,92.81,92.81,1.695,SG,SG,3.845705526948208,12.867963509103792,3.2169908772759515,8.042477193189873,True,True,True,True,True,0,./5 seeds 5 models/NCC1_5seed5model_item_02_MtrunR108HiC_005650.1_isolated_seeds/seed_003/MtrunR108HiC_005650.1_unrelaxed_rank_004_alphafold2_ptm_model_4_seed_003.pdb,./5 seeds 5 models/NCC1_5seed5model_item_02_MtrunR108HiC_005650.1_isolated_seeds/seed_003/MtrunR108HiC_005650.1_scores_rank_004_alphafold2_ptm_model_4_seed_003.json,False,005650
MtrunR108HiC_005650.1,C469-C481,3,5,3.0,485,84.812206185567,0.822680412371134,0.83,469,C,94.94,481,C,90.75,90.75,1.88,SG,SG,3.769472907450061,13.940293801529103,2.6808257310632957,8.3105597662962,True,True,True,True,True,0,./5 seeds 5 models/NCC1_5seed5model_item_02_MtrunR108HiC_005650.1_isolated_seeds/seed_003/MtrunR108HiC_005650.1_unrelaxed_rank_003_alphafold2_ptm_model_5_seed_003.pdb,./5 seeds 5 models/NCC1_5seed5model_item_02_MtrunR108HiC_005650.1_isolated_seeds/seed_003/MtrunR108HiC_005650.1_scores_rank_003_alphafold2_ptm_model_5_seed_003.json,False,005650
MtrunR108HiC_005650.1,C469-C481,4,1,4.0,485,84.62721649484536,0.8288659793814434,0.83,469,C,95.44,481,C,92.25,92.25,2.025,SG,SG,3.673943929893323,11.79563321667848,2.6808257310632957,7.238229473870888,True,True,True,True,True,0,./5 seeds 5 models/NCC1_5seed5model_item_02_MtrunR108HiC_005650.1_isolated_seeds/seed_004/MtrunR108HiC_005650.1_unrelaxed_rank_004_alphafold2_ptm_model_1_seed_004.pdb,./5 seeds 5 models/NCC1_5seed5model_item_02_MtrunR108HiC_005650.1_isolated_seeds/seed_004/MtrunR108HiC_005650.1_scores_rank_004_alphafold2_ptm_model_1_seed_004.json,False,005650
MtrunR108HiC_005650.1,C469-C481,4,2,3.0,485,85.45107216494846,0.8371134020618557,0.83,469,C,94.88,481,C,91.31,91.31,1.815,SG,SG,3.806554741495252,12.867963509103792,2.144660584850639,7.506312046977216,True,True,True,True,True,0,./5 seeds 5 models/NCC1_5seed5model_item_02_MtrunR108HiC_005650.1_isolated_seeds/seed_004/MtrunR108HiC_005650.1_unrelaxed_rank_003_alphafold2_ptm_model_2_seed_004.pdb,./5 seeds 5 models/NCC1_5seed5model_item_02_MtrunR108HiC_005650.1_isolated_seeds/seed_004/MtrunR108HiC_005650.1_scores_rank_003_alphafold2_ptm_model_2_seed_004.json,False,005650
MtrunR108HiC_005650.1,C469-C481,4,3,2.0,485,85.69045360824741,0.8309278350515464,0.84,469,C,95.44,481,C,92.5,92.5,1.62,SG,SG,3.845233282910154,13.940293801529103,3.2169908772759515,8.578642339402528,True,True,True,True,True,0,./5 seeds 5 models/NCC1_5seed5model_item_02_MtrunR108HiC_005650.1_isolated_seeds/seed_004/MtrunR108HiC_005650.1_unrelaxed_rank_002_alphafold2_ptm_model_3_seed_004.pdb,./5 seeds 5 models/NCC1_5seed5model_item_02_MtrunR108HiC_005650.1_isolated_seeds/seed_004/MtrunR108HiC_005650.1_scores_rank_002_alphafold2_ptm_model_3_seed_004.json,False,005650
MtrunR108HiC_005650.1,C469-C481,4,4,5.0,485,84.34663917525774,0.8288659793814434,0.83,469,C,95.5,481,C,92.69,92.69,1.7200000000000002,SG,SG,3.85800997925096,13.940293801529103,2.6808257310632957,8.3105597662962,True,True,True,True,True,0,./5 seeds 5 models/NCC1_5seed5model_item_02_MtrunR108HiC_005650.1_isolated_seeds/seed_004/MtrunR108HiC_005650.1_unrelaxed_rank_005_alphafold2_ptm_model_4_seed_004.pdb,./5 seeds 5 models/NCC1_5seed5model_item_02_MtrunR108HiC_005650.1_isolated_seeds/seed_004/MtrunR108HiC_005650.1_scores_rank_005_alphafold2_ptm_model_4_seed_004.json,False,005650
MtrunR108HiC_005650.1,C469-C481,4,5,1.0,485,85.75105154639175,0.8391752577319588,0.84,469,C,94.88,481,C,90.5,90.5,1.9,SG,SG,3.7819243778795992,13.940293801529103,3.753156023488608,8.846724912508856,True,True,True,True,True,0,./5 seeds 5 models/NCC1_5seed5model_item_02_MtrunR108HiC_005650.1_isolated_seeds/seed_004/MtrunR108HiC_005650.1_unrelaxed_rank_001_alphafold2_ptm_model_5_seed_004.pdb,./5 seeds 5 models/NCC1_5seed5model_item_02_MtrunR108HiC_005650.1_isolated_seeds/seed_004/MtrunR108HiC_005650.1_scores_rank_001_alphafold2_ptm_model_5_seed_004.json,False,005650
MtrunR108HiC_008307.1,H27-C136,0,1,4.0,843,87.00658362989323,0.9169632265717677,0.73,27,H,81.25,136,C,80.44,80.44,2.9299999999999997,NE2,SG,4.292417733632178,10.024560358217231,0.0,5.012280179108616,True,True,True,True,True,0,./5 seeds 5 models/NCC1_5seed5model_item_05_MtrunR108HiC_008307.1_isolated_seeds/seed_000/MtrunR108HiC_008307.1_unrelaxed_rank_004_alphafold2_ptm_model_1_seed_000.pdb,./5 seeds 5 models/NCC1_5seed5model_item_05_MtrunR108HiC_008307.1_isolated_seeds/seed_000/MtrunR108HiC_008307.1_scores_rank_004_alphafold2_ptm_model_1_seed_000.json,False,008307
MtrunR108HiC_008307.1,H27-C136,0,2,2.0,843,88.7949466192171,0.951364175563464,0.78,27,H,84.81,136,C,83.56,83.56,2.45,NE2,SG,4.322907008021338,11.391545861610489,2.144660584850639,6.768103223230563,True,True,True,True,True,0,./5 seeds 5 models/NCC1_5seed5model_item_05_MtrunR108HiC_008307.1_isolated_seeds/seed_000/MtrunR108HiC_008307.1_unrelaxed_rank_002_alphafold2_ptm_model_2_seed_000.pdb,./5 seeds 5 models/NCC1_5seed5model_item_05_MtrunR108HiC_008307.1_isolated_seeds/seed_000/MtrunR108HiC_008307.1_scores_rank_002_alphafold2_ptm_model_2_seed_000.json,False,008307
MtrunR108HiC_008307.1,H27-C136,0,3,3.0,843,88.18160142348754,0.9608540925266904,0.8,27,H,87.44,136,C,83.06,83.06,3.085,NE2,SG,4.300819573058139,12.758531365003751,3.2169908772759515,7.987761121139851,True,True,True,True,True,0,./5 seeds 5 models/NCC1_5seed5model_item_05_MtrunR108HiC_008307.1_isolated_seeds/seed_000/MtrunR108HiC_008307.1_unrelaxed_rank_003_alphafold2_ptm_model_3_seed_000.pdb,./5 seeds 5 models/NCC1_5seed5model_item_05_MtrunR108HiC_008307.1_isolated_seeds/seed_000/MtrunR108HiC_008307.1_scores_rank_003_alphafold2_ptm_model_3_seed_000.json,False,008307
MtrunR108HiC_008307.1,H27-C136,0,4,5.0,843,86.1964412811388,0.9418742586002372,0.77,27,H,83.12,136,C,81.75,81.75,3.76,NE2,SG,4.343575600815531,11.391545861610489,3.2169908772759515,7.3042683694432196,True,True,True,True,True,0,./5 seeds 5 models/NCC1_5seed5model_item_05_MtrunR108HiC_008307.1_isolated_seeds/seed_000/MtrunR108HiC_008307.1_unrelaxed_rank_005_alphafold2_ptm_model_4_seed_000.pdb,./5 seeds 5 models/NCC1_5seed5model_item_05_MtrunR108HiC_008307.1_isolated_seeds/seed_000/MtrunR108HiC_008307.1_scores_rank_005_alphafold2_ptm_model_4_seed_000.json,False,008307
MtrunR108HiC_008307.1,H27-C136,0,5,1.0,843,89.12574139976275,0.9537366548042704,0.82,27,H,87.06,136,C,84.0,84.0,2.395,NE2,SG,4.329041579841894,10.48022219268165,4.289321169701264,7.384771681191457,True,True,True,True,True,0,./5 seeds 5 models/NCC1_5seed5model_item_05_MtrunR108HiC_008307.1_isolated_seeds/seed_000/MtrunR108HiC_008307.1_unrelaxed_rank_001_alphafold2_ptm_model_5_seed_000.pdb,./5 seeds 5 models/NCC1_5seed5model_item_05_MtrunR108HiC_008307.1_isolated_seeds/seed_000/MtrunR108HiC_008307.1_scores_rank_001_alphafold2_ptm_model_5_seed_000.json,False,008307
MtrunR108HiC_008307.1,H27-C136,1,1,4.0,843,87.26773428232504,0.9217081850533808,0.73,27,H,81.56,136,C,80.94,80.94,3.36,NE2,SG,4.313406426480119,9.568898523752814,0.0,4.784449261876407,True,True,True,False,False,1,./5 seeds 5 models/NCC1_5seed5model_item_05_MtrunR108HiC_008307.1_isolated_seeds/seed_001/MtrunR108HiC_008307.1_unrelaxed_rank_004_alphafold2_ptm_model_1_seed_001.pdb,./5 seeds 5 models/NCC1_5seed5model_item_05_MtrunR108HiC_008307.1_isolated_seeds/seed_001/MtrunR108HiC_008307.1_scores_rank_004_alphafold2_ptm_model_1_seed_001.json,False,008307
MtrunR108HiC_008307.1,H27-C136,1,2,1.0,843,89.07219454329774,0.9501779359430604,0.78,27,H,84.44,136,C,82.56,82.56,2.44,NE2,SG,4.393208508595967,13.21419319946817,2.6808257310632957,7.947509465265733,True,True,True,True,True,0,./5 seeds 5 models/NCC1_5seed5model_item_05_MtrunR108HiC_008307.1_isolated_seeds/seed_001/MtrunR108HiC_008307.1_unrelaxed_rank_001_alphafold2_ptm_model_2_seed_001.pdb,./5 seeds 5 models/NCC1_5seed5model_item_05_MtrunR108HiC_008307.1_isolated_seeds/seed_001/MtrunR108HiC_008307.1_scores_rank_001_alphafold2_ptm_model_2_seed_001.json,False,008307
MtrunR108HiC_008307.1,H27-C136,1,3,3.0,843,88.57013048635824,0.9655990510083036,0.8,27,H,87.0,136,C,81.5,81.5,3.33,NE2,SG,4.3918656627907,15.03684053732584,2.6808257310632957,8.858833134194569,True,True,True,True,True,0,./5 seeds 5 models/NCC1_5seed5model_item_05_MtrunR108HiC_008307.1_isolated_seeds/seed_001/MtrunR108HiC_008307.1_unrelaxed_rank_003_alphafold2_ptm_model_3_seed_001.pdb,./5 seeds 5 models/NCC1_5seed5model_item_05_MtrunR108HiC_008307.1_isolated_seeds/seed_001/MtrunR108HiC_008307.1_scores_rank_003_alphafold2_ptm_model_3_seed_001.json,False,008307
MtrunR108HiC_008307.1,H27-C136,1,4,5.0,843,86.37474495848161,0.9418742586002372,0.76,27,H,82.5,136,C,80.94,80.94,4.09,NE2,SG,4.412500651558026,10.024560358217231,6.97014690076456,8.497353629490895,True,True,True,True,True,0,./5 seeds 5 models/NCC1_5seed5model_item_05_MtrunR108HiC_008307.1_isolated_seeds/seed_001/MtrunR108HiC_008307.1_unrelaxed_rank_005_alphafold2_ptm_model_4_seed_001.pdb,./5 seeds 5 models/NCC1_5seed5model_item_05_MtrunR108HiC_008307.1_isolated_seeds/seed_001/MtrunR108HiC_008307.1_scores_rank_005_alphafold2_ptm_model_4_seed_001.json,False,008307
MtrunR108HiC_008307.1,H27-C136,1,5,2.0,843,88.88339264531437,0.9572953736654805,0.82,27,H,86.5,136,C,83.31,83.31,2.455,NE2,SG,4.300226621935175,11.391545861610489,4.8254863159139205,8.108516088762205,True,True,True,True,True,0,./5 seeds 5 models/NCC1_5seed5model_item_05_MtrunR108HiC_008307.1_isolated_seeds/seed_001/MtrunR108HiC_008307.1_unrelaxed_rank_002_alphafold2_ptm_model_5_seed_001.pdb,./5 seeds 5 models/NCC1_5seed5model_item_05_MtrunR108HiC_008307.1_isolated_seeds/seed_001/MtrunR108HiC_008307.1_scores_rank_002_alphafold2_ptm_model_5_seed_001.json,False,008307
MtrunR108HiC_008307.1,H27-C136,2,1,3.0,843,87.5017319098458,0.9276393831553974,0.74,27,H,82.69,136,C,81.56,81.56,2.95,NE2,SG,4.282749584087307,9.568898523752814,0.5361651462126562,5.0525318349827355,True,True,True,True,True,0,./5 seeds 5 models/NCC1_5seed5model_item_05_MtrunR108HiC_008307.1_isolated_seeds/seed_002/MtrunR108HiC_008307.1_unrelaxed_rank_003_alphafold2_ptm_model_1_seed_002.pdb,./5 seeds 5 models/NCC1_5seed5model_item_05_MtrunR108HiC_008307.1_isolated_seeds/seed_002/MtrunR108HiC_008307.1_scores_rank_003_alphafold2_ptm_model_1_seed_002.json,False,008307
MtrunR108HiC_008307.1,H27-C136,2,2,1.0,843,88.95774614472123,0.9537366548042704,0.79,27,H,84.69,136,C,82.62,82.62,2.47,NE2,SG,4.347992870279343,12.758531365003751,2.144660584850639,7.451595974927195,True,True,True,True,True,0,./5 seeds 5 models/NCC1_5seed5model_item_05_MtrunR108HiC_008307.1_isolated_seeds/seed_002/MtrunR108HiC_008307.1_unrelaxed_rank_001_alphafold2_ptm_model_2_seed_002.pdb,./5 seeds 5 models/NCC1_5seed5model_item_05_MtrunR108HiC_008307.1_isolated_seeds/seed_002/MtrunR108HiC_008307.1_scores_rank_001_alphafold2_ptm_model_2_seed_002.json,False,008307
MtrunR108HiC_008307.1,H27-C136,2,3,5.0,843,87.25413997627521,0.9501779359430604,0.8,27,H,86.56,136,C,80.12,80.12,3.435,NE2,SG,4.241190045258524,14.581178702861424,4.8254863159139205,9.703332509387671,True,True,True,True,True,0,./5 seeds 5 models/NCC1_5seed5model_item_05_MtrunR108HiC_008307.1_isolated_seeds/seed_002/MtrunR108HiC_008307.1_unrelaxed_rank_005_alphafold2_ptm_model_3_seed_002.pdb,./5 seeds 5 models/NCC1_5seed5model_item_05_MtrunR108HiC_008307.1_isolated_seeds/seed_002/MtrunR108HiC_008307.1_scores_rank_005_alphafold2_ptm_model_3_seed_002.json,False,008307
MtrunR108HiC_008307.1,H27-C136,2,4,4.0,843,87.22245551601424,0.9478054567022538,0.79,27,H,84.44,136,C,82.94,82.94,3.705,NE2,SG,4.322538721631074,11.391545861610489,6.97014690076456,9.180846381187523,True,True,True,True,True,0,./5 seeds 5 models/NCC1_5seed5model_item_05_MtrunR108HiC_008307.1_isolated_seeds/seed_002/MtrunR108HiC_008307.1_unrelaxed_rank_004_alphafold2_ptm_model_4_seed_002.pdb,./5 seeds 5 models/NCC1_5seed5model_item_05_MtrunR108HiC_008307.1_isolated_seeds/seed_002/MtrunR108HiC_008307.1_scores_rank_004_alphafold2_ptm_model_4_seed_002.json,False,008307
MtrunR108HiC_008307.1,H27-C136,2,5,2.0,843,88.75068801897982,0.9549228944246738,0.82,27,H,86.5,136,C,82.81,82.81,2.425,NE2,SG,4.312396665428634,10.935884027146068,3.753156023488608,7.344520025317338,True,True,True,True,True,0,./5 seeds 5 models/NCC1_5seed5model_item_05_MtrunR108HiC_008307.1_isolated_seeds/seed_002/MtrunR108HiC_008307.1_unrelaxed_rank_002_alphafold2_ptm_model_5_seed_002.pdb,./5 seeds 5 models/NCC1_5seed5model_item_05_MtrunR108HiC_008307.1_isolated_seeds/seed_002/MtrunR108HiC_008307.1_scores_rank_002_alphafold2_ptm_model_5_seed_002.json,False,008307
MtrunR108HiC_008307.1,H27-C136,3,1,4.0,843,87.26284697508895,0.9205219454329776,0.73,27,H,81.88,136,C,81.69,81.69,2.885,NE2,SG,4.269092877884012,8.201913020359548,0.0,4.100956510179774,True,True,True,False,False,1,./5 seeds 5 models/NCC1_5seed5model_item_05_MtrunR108HiC_008307.1_isolated_seeds/seed_003/MtrunR108HiC_008307.1_unrelaxed_rank_004_alphafold2_ptm_model_1_seed_003.pdb,./5 seeds 5 models/NCC1_5seed5model_item_05_MtrunR108HiC_008307.1_isolated_seeds/seed_003/MtrunR108HiC_008307.1_scores_rank_004_alphafold2_ptm_model_1_seed_003.json,False,008307
MtrunR108HiC_008307.1,H27-C136,3,2,2.0,843,88.25195729537366,0.930011862396204,0.77,27,H,83.44,136,C,80.44,80.44,2.36,NE2,SG,4.320458077565387,15.03684053732584,0.5361651462126562,7.786502841769249,True,True,True,True,True,0,./5 seeds 5 models/NCC1_5seed5model_item_05_MtrunR108HiC_008307.1_isolated_seeds/seed_003/MtrunR108HiC_008307.1_unrelaxed_rank_002_alphafold2_ptm_model_2_seed_003.pdb,./5 seeds 5 models/NCC1_5seed5model_item_05_MtrunR108HiC_008307.1_isolated_seeds/seed_003/MtrunR108HiC_008307.1_scores_rank_002_alphafold2_ptm_model_2_seed_003.json,False,008307
MtrunR108HiC_008307.1,H27-C136,3,3,3.0,843,88.14278766310794,0.9537366548042704,0.8,27,H,86.88,136,C,80.94,80.94,3.025,NE2,SG,4.2144448032926,12.302869530539336,10.18713777804051,11.245003654289922,True,True,True,True,True,0,./5 seeds 5 models/NCC1_5seed5model_item_05_MtrunR108HiC_008307.1_isolated_seeds/seed_003/MtrunR108HiC_008307.1_unrelaxed_rank_003_alphafold2_ptm_model_3_seed_003.pdb,./5 seeds 5 models/NCC1_5seed5model_item_05_MtrunR108HiC_008307.1_isolated_seeds/seed_003/MtrunR108HiC_008307.1_scores_rank_003_alphafold2_ptm_model_3_seed_003.json,False,008307
MtrunR108HiC_008307.1,H27-C136,3,4,5.0,843,86.11282325029656,0.9442467378410438,0.77,27,H,83.31,136,C,81.88,81.88,3.86,NE2,SG,4.273716181498251,10.935884027146068,7.506312046977215,9.221098037061642,True,True,True,True,True,0,./5 seeds 5 models/NCC1_5seed5model_item_05_MtrunR108HiC_008307.1_isolated_seeds/seed_003/MtrunR108HiC_008307.1_unrelaxed_rank_005_alphafold2_ptm_model_4_seed_003.pdb,./5 seeds 5 models/NCC1_5seed5model_item_05_MtrunR108HiC_008307.1_isolated_seeds/seed_003/MtrunR108HiC_008307.1_scores_rank_005_alphafold2_ptm_model_4_seed_003.json,False,008307
MtrunR108HiC_008307.1,H27-C136,3,5,1.0,843,88.9179596678529,0.9561091340450772,0.82,27,H,85.75,136,C,81.69,81.69,2.42,NE2,SG,4.2799216114316865,10.48022219268165,4.8254863159139205,7.652854254297785,True,True,True,True,True,0,./5 seeds 5 models/NCC1_5seed5model_item_05_MtrunR108HiC_008307.1_isolated_seeds/seed_003/MtrunR108HiC_008307.1_unrelaxed_rank_001_alphafold2_ptm_model_5_seed_003.pdb,./5 seeds 5 models/NCC1_5seed5model_item_05_MtrunR108HiC_008307.1_isolated_seeds/seed_003/MtrunR108HiC_008307.1_scores_rank_001_alphafold2_ptm_model_5_seed_003.json,True,008307
MtrunR108HiC_008307.1,H27-C136,4,1,4.0,843,87.04984578884934,0.9134045077105576,0.72,27,H,79.75,136,C,77.62,77.62,3.025,NE2,SG,4.362522320859803,18.682135213041196,0.0,9.341067606520598,True,True,True,True,True,0,./5 seeds 5 models/NCC1_5seed5model_item_05_MtrunR108HiC_008307.1_isolated_seeds/seed_004/MtrunR108HiC_008307.1_unrelaxed_rank_004_alphafold2_ptm_model_1_seed_004.pdb,./5 seeds 5 models/NCC1_5seed5model_item_05_MtrunR108HiC_008307.1_isolated_seeds/seed_004/MtrunR108HiC_008307.1_scores_rank_004_alphafold2_ptm_model_1_seed_004.json,False,008307
MtrunR108HiC_008307.1,H27-C136,4,2,1.0,843,89.01937129300119,0.9572953736654805,0.79,27,H,85.81,136,C,83.94,83.94,2.475,NE2,SG,4.3381546768182435,13.21419319946817,2.144660584850639,7.679426892159404,True,True,True,True,True,0,./5 seeds 5 models/NCC1_5seed5model_item_05_MtrunR108HiC_008307.1_isolated_seeds/seed_004/MtrunR108HiC_008307.1_unrelaxed_rank_001_alphafold2_ptm_model_2_seed_004.pdb,./5 seeds 5 models/NCC1_5seed5model_item_05_MtrunR108HiC_008307.1_isolated_seeds/seed_004/MtrunR108HiC_008307.1_scores_rank_001_alphafold2_ptm_model_2_seed_004.json,False,008307
MtrunR108HiC_008307.1,H27-C136,4,3,2.0,843,88.78186239620405,0.963226571767497,0.81,27,H,87.25,136,C,81.44,81.44,3.27,NE2,SG,4.270283597139656,16.403826040719107,8.578642339402528,12.491234190060815,True,True,True,True,True,0,./5 seeds 5 models/NCC1_5seed5model_item_05_MtrunR108HiC_008307.1_isolated_seeds/seed_004/MtrunR108HiC_008307.1_unrelaxed_rank_002_alphafold2_ptm_model_3_seed_004.pdb,./5 seeds 5 models/NCC1_5seed5model_item_05_MtrunR108HiC_008307.1_isolated_seeds/seed_004/MtrunR108HiC_008307.1_scores_rank_002_alphafold2_ptm_model_3_seed_004.json,False,008307
MtrunR108HiC_008307.1,H27-C136,4,4,5.0,843,86.29663107947805,0.9454329774614472,0.78,27,H,83.94,136,C,82.31,82.31,3.755,NE2,SG,4.312241760384034,8.657574854823977,0.0,4.328787427411989,True,True,True,False,False,1,./5 seeds 5 models/NCC1_5seed5model_item_05_MtrunR108HiC_008307.1_isolated_seeds/seed_004/MtrunR108HiC_008307.1_unrelaxed_rank_005_alphafold2_ptm_model_4_seed_004.pdb,./5 seeds 5 models/NCC1_5seed5model_item_05_MtrunR108HiC_008307.1_isolated_seeds/seed_004/MtrunR108HiC_008307.1_scores_rank_005_alphafold2_ptm_model_4_seed_004.json,False,008307
MtrunR108HiC_008307.1,H27-C136,4,5,3.0,843,88.56523131672597,0.9608540925266904,0.81,27,H,85.94,136,C,81.75,81.75,2.425,NE2,SG,4.273283632056268,9.568898523752814,4.8254863159139205,7.197192419833367,True,True,True,True,True,0,./5 seeds 5 models/NCC1_5seed5model_item_05_MtrunR108HiC_008307.1_isolated_seeds/seed_004/MtrunR108HiC_008307.1_unrelaxed_rank_003_alphafold2_ptm_model_5_seed_004.pdb,./5 seeds 5 models/NCC1_5seed5model_item_05_MtrunR108HiC_008307.1_isolated_seeds/seed_004/MtrunR108HiC_008307.1_scores_rank_003_alphafold2_ptm_model_5_seed_004.json,False,008307
MtrunR108HiC_012482.1,M478-M501,0,1,,586,89.92498293515358,0.9112627986348124,0.88,478,M,97.31,501,M,97.44,97.31,1.74,SD,SD,4.8483058896897155,14.476458947741776,2.144660584850639,8.310559766296208,True,True,True,True,True,0,./5 seeds 5 models/NCC1_5seed5model_item_01_MtrunR108HiC_012482.1_results/MtrunR108HiC_012482.1_unrelaxed_alphafold2_ptm_model_1_seed_000.pdb,./5 seeds 5 models/NCC1_5seed5model_item_01_MtrunR108HiC_012482.1_results/MtrunR108HiC_012482.1_scores_alphafold2_ptm_model_1_seed_000.json,False,012482
MtrunR108HiC_012482.1,M478-M501,0,2,,586,88.77943686006826,0.8856655290102389,0.88,478,M,97.81,501,M,97.62,97.62,1.64,SD,SD,4.9681128207801395,15.548789240167087,1.6084954386379686,8.578642339402528,True,True,True,True,True,0,./5 seeds 5 models/NCC1_5seed5model_item_01_MtrunR108HiC_012482.1_results/MtrunR108HiC_012482.1_unrelaxed_alphafold2_ptm_model_2_seed_000.pdb,./5 seeds 5 models/NCC1_5seed5model_item_01_MtrunR108HiC_012482.1_results/MtrunR108HiC_012482.1_scores_alphafold2_ptm_model_2_seed_000.json,False,012482
MtrunR108HiC_012482.1,M478-M501,0,3,,586,92.40834470989762,0.9300341296928328,0.9,478,M,98.19,501,M,98.19,98.19,1.57,SD,SD,4.957464472893376,14.476458947741776,1.6084954386379686,8.042477193189873,True,True,True,True,True,0,./5 seeds 5 models/NCC1_5seed5model_item_01_MtrunR108HiC_012482.1_results/MtrunR108HiC_012482.1_unrelaxed_alphafold2_ptm_model_3_seed_000.pdb,./5 seeds 5 models/NCC1_5seed5model_item_01_MtrunR108HiC_012482.1_results/MtrunR108HiC_012482.1_scores_alphafold2_ptm_model_3_seed_000.json,False,012482
MtrunR108HiC_012482.1,M478-M501,0,4,,586,91.5548122866894,0.940273037542662,0.89,478,M,97.88,501,M,97.75,97.75,1.635,SD,SD,4.886925925364532,14.476458947741776,2.144660584850639,8.310559766296208,True,True,True,True,True,0,./5 seeds 5 models/NCC1_5seed5model_item_01_MtrunR108HiC_012482.1_results/MtrunR108HiC_012482.1_unrelaxed_alphafold2_ptm_model_4_seed_000.pdb,./5 seeds 5 models/NCC1_5seed5model_item_01_MtrunR108HiC_012482.1_results/MtrunR108HiC_012482.1_scores_alphafold2_ptm_model_4_seed_000.json,True,012482
MtrunR108HiC_012482.1,M478-M501,0,5,,586,91.5922866894198,0.931740614334471,0.9,478,M,98.25,501,M,98.06,98.06,1.645,SD,SD,4.915587655611484,14.476458947741776,3.2169908772759515,8.846724912508863,True,True,True,True,True,0,./5 seeds 5 models/NCC1_5seed5model_item_01_MtrunR108HiC_012482.1_results/MtrunR108HiC_012482.1_unrelaxed_alphafold2_ptm_model_5_seed_000.pdb,./5 seeds 5 models/NCC1_5seed5model_item_01_MtrunR108HiC_012482.1_results/MtrunR108HiC_012482.1_scores_alphafold2_ptm_model_5_seed_000.json,False,012482
MtrunR108HiC_012482.1,M478-M501,1,1,,586,90.01319112627985,0.9112627986348124,0.88,478,M,97.25,501,M,97.5,97.25,1.725,SD,SD,4.833762199363969,15.01262409395443,2.144660584850639,8.578642339402535,True,True,True,True,True,0,./5 seeds 5 models/NCC1_5seed5model_item_01_MtrunR108HiC_012482.1_results/MtrunR108HiC_012482.1_unrelaxed_alphafold2_ptm_model_1_seed_001.pdb,./5 seeds 5 models/NCC1_5seed5model_item_01_MtrunR108HiC_012482.1_results/MtrunR108HiC_012482.1_scores_alphafold2_ptm_model_1_seed_001.json,False,012482
MtrunR108HiC_012482.1,M478-M501,1,2,,586,89.78571672354948,0.9027303754266212,0.88,478,M,97.69,501,M,97.62,97.62,1.63,SD,SD,4.94090568620774,14.476458947741776,2.144660584850639,8.310559766296208,True,True,True,True,True,0,./5 seeds 5 models/NCC1_5seed5model_item_01_MtrunR108HiC_012482.1_results/MtrunR108HiC_012482.1_unrelaxed_alphafold2_ptm_model_2_seed_001.pdb,./5 seeds 5 models/NCC1_5seed5model_item_01_MtrunR108HiC_012482.1_results/MtrunR108HiC_012482.1_scores_alphafold2_ptm_model_2_seed_001.json,False,012482
MtrunR108HiC_012482.1,M478-M501,1,3,,586,91.98274744027304,0.9232081911262798,0.9,478,M,98.25,501,M,98.19,98.19,1.53,SD,SD,4.927670950865122,13.940293801529103,1.6084954386379686,7.774394620083536,True,True,True,True,True,0,./5 seeds 5 models/NCC1_5seed5model_item_01_MtrunR108HiC_012482.1_results/MtrunR108HiC_012482.1_unrelaxed_alphafold2_ptm_model_3_seed_001.pdb,./5 seeds 5 models/NCC1_5seed5model_item_01_MtrunR108HiC_012482.1_results/MtrunR108HiC_012482.1_scores_alphafold2_ptm_model_3_seed_001.json,False,012482
MtrunR108HiC_012482.1,M478-M501,1,4,,586,91.76836177474404,0.938566552901024,0.9,478,M,97.75,501,M,97.75,97.75,1.655,SD,SD,4.828358209578074,13.40412865531645,2.144660584850639,7.774394620083544,True,True,True,True,True,0,./5 seeds 5 models/NCC1_5seed5model_item_01_MtrunR108HiC_012482.1_results/MtrunR108HiC_012482.1_unrelaxed_alphafold2_ptm_model_4_seed_001.pdb,./5 seeds 5 models/NCC1_5seed5model_item_01_MtrunR108HiC_012482.1_results/MtrunR108HiC_012482.1_scores_alphafold2_ptm_model_4_seed_001.json,False,012482
MtrunR108HiC_012482.1,M478-M501,1,5,,586,92.24500000000002,0.9351535836177476,0.9,478,M,98.06,501,M,98.12,98.06,1.62,SD,SD,4.912770603233985,14.476458947741776,3.2169908772759515,8.846724912508863,True,True,True,True,True,0,./5 seeds 5 models/NCC1_5seed5model_item_01_MtrunR108HiC_012482.1_results/MtrunR108HiC_012482.1_unrelaxed_alphafold2_ptm_model_5_seed_001.pdb,./5 seeds 5 models/NCC1_5seed5model_item_01_MtrunR108HiC_012482.1_results/MtrunR108HiC_012482.1_scores_alphafold2_ptm_model_5_seed_001.json,False,012482
MtrunR108HiC_012482.1,M478-M501,2,1,,586,89.729795221843,0.9129692832764504,0.88,478,M,97.25,501,M,97.44,97.25,1.71,SD,SD,4.833679343936664,14.476458947741776,2.144660584850639,8.310559766296208,True,True,True,True,True,0,./5 seeds 5 models/NCC1_5seed5model_item_01_MtrunR108HiC_012482.1_results/MtrunR108HiC_012482.1_unrelaxed_alphafold2_ptm_model_1_seed_002.pdb,./5 seeds 5 models/NCC1_5seed5model_item_01_MtrunR108HiC_012482.1_results/MtrunR108HiC_012482.1_scores_alphafold2_ptm_model_1_seed_002.json,False,012482
MtrunR108HiC_012482.1,M478-M501,2,2,,586,88.34668941979523,0.8771331058020477,0.88,478,M,97.69,501,M,97.44,97.44,1.64,SD,SD,4.942410241977087,15.01262409395443,1.6084954386379686,8.3105597662962,True,True,True,True,True,0,./5 seeds 5 models/NCC1_5seed5model_item_01_MtrunR108HiC_012482.1_results/MtrunR108HiC_012482.1_unrelaxed_alphafold2_ptm_model_2_seed_002.pdb,./5 seeds 5 models/NCC1_5seed5model_item_01_MtrunR108HiC_012482.1_results/MtrunR108HiC_012482.1_scores_alphafold2_ptm_model_2_seed_002.json,False,012482
MtrunR108HiC_012482.1,M478-M501,2,3,,586,92.10329351535836,0.931740614334471,0.9,478,M,98.12,501,M,98.12,98.12,1.5750000000000002,SD,SD,4.954514506992587,13.940293801529103,2.144660584850639,8.042477193189871,True,True,True,True,True,0,./5 seeds 5 models/NCC1_5seed5model_item_01_MtrunR108HiC_012482.1_results/MtrunR108HiC_012482.1_unrelaxed_alphafold2_ptm_model_3_seed_002.pdb,./5 seeds 5 models/NCC1_5seed5model_item_01_MtrunR108HiC_012482.1_results/MtrunR108HiC_012482.1_scores_alphafold2_ptm_model_3_seed_002.json,False,012482
MtrunR108HiC_012482.1,M478-M501,2,4,,586,91.494385665529,0.9351535836177476,0.89,478,M,97.44,501,M,97.62,97.44,1.66,SD,SD,4.8839803439407925,15.01262409395443,1.6084954386379686,8.3105597662962,True,True,True,True,True,0,./5 seeds 5 models/NCC1_5seed5model_item_01_MtrunR108HiC_012482.1_results/MtrunR108HiC_012482.1_unrelaxed_alphafold2_ptm_model_4_seed_002.pdb,./5 seeds 5 models/NCC1_5seed5model_item_01_MtrunR108HiC_012482.1_results/MtrunR108HiC_012482.1_scores_alphafold2_ptm_model_4_seed_002.json,False,012482
MtrunR108HiC_012482.1,M478-M501,2,5,,586,91.50790102389078,0.9232081911262798,0.9,478,M,98.31,501,M,98.06,98.06,1.63,SD,SD,4.92910519262878,13.940293801529103,2.144660584850639,8.042477193189871,True,True,True,True,True,0,./5 seeds 5 models/NCC1_5seed5model_item_01_MtrunR108HiC_012482.1_results/MtrunR108HiC_012482.1_unrelaxed_alphafold2_ptm_model_5_seed_002.pdb,./5 seeds 5 models/NCC1_5seed5model_item_01_MtrunR108HiC_012482.1_results/MtrunR108HiC_012482.1_scores_alphafold2_ptm_model_5_seed_002.json,False,012482
MtrunR108HiC_012482.1,M478-M501,3,1,4.0,586,90.01402730375426,0.9112627986348124,0.89,478,M,97.31,501,M,97.56,97.31,1.74,SD,SD,4.963780414160158,13.40412865531645,2.6808257310632957,8.042477193189873,True,True,True,True,True,0,./5 seeds 5 models/NCC1_5seed5model_item_01_MtrunR108HiC_012482.1_seeds_03_04/seed_003/MtrunR108HiC_012482.1_unrelaxed_rank_004_alphafold2_ptm_model_1_seed_003.pdb,./5 seeds 5 models/NCC1_5seed5model_item_01_MtrunR108HiC_012482.1_seeds_03_04/seed_003/MtrunR108HiC_012482.1_scores_rank_004_alphafold2_ptm_model_1_seed_003.json,False,012482
MtrunR108HiC_012482.1,M478-M501,3,2,5.0,586,89.54184300341298,0.89419795221843,0.88,478,M,97.69,501,M,97.56,97.56,1.6549999999999998,SD,SD,5.071058765188979,15.01262409395443,2.144660584850639,8.578642339402535,False,True,True,True,False,1,./5 seeds 5 models/NCC1_5seed5model_item_01_MtrunR108HiC_012482.1_seeds_03_04/seed_003/MtrunR108HiC_012482.1_unrelaxed_rank_005_alphafold2_ptm_model_2_seed_003.pdb,./5 seeds 5 models/NCC1_5seed5model_item_01_MtrunR108HiC_012482.1_seeds_03_04/seed_003/MtrunR108HiC_012482.1_scores_rank_005_alphafold2_ptm_model_2_seed_003.json,False,012482
MtrunR108HiC_012482.1,M478-M501,3,3,2.0,586,92.17726962457338,0.9351535836177476,0.9,478,M,98.19,501,M,98.19,98.19,1.57,SD,SD,4.962559924071449,13.40412865531645,1.6084954386379686,7.506312046977209,True,True,True,True,True,0,./5 seeds 5 models/NCC1_5seed5model_item_01_MtrunR108HiC_012482.1_seeds_03_04/seed_003/MtrunR108HiC_012482.1_unrelaxed_rank_002_alphafold2_ptm_model_3_seed_003.pdb,./5 seeds 5 models/NCC1_5seed5model_item_01_MtrunR108HiC_012482.1_seeds_03_04/seed_003/MtrunR108HiC_012482.1_scores_rank_002_alphafold2_ptm_model_3_seed_003.json,False,012482
MtrunR108HiC_012482.1,M478-M501,3,4,3.0,586,92.08754266211604,0.947098976109215,0.9,478,M,97.69,501,M,97.75,97.69,1.645,SD,SD,4.949627359711034,13.940293801529103,1.6084954386379686,7.774394620083536,True,True,True,True,True,0,./5 seeds 5 models/NCC1_5seed5model_item_01_MtrunR108HiC_012482.1_seeds_03_04/seed_003/MtrunR108HiC_012482.1_unrelaxed_rank_003_alphafold2_ptm_model_4_seed_003.pdb,./5 seeds 5 models/NCC1_5seed5model_item_01_MtrunR108HiC_012482.1_seeds_03_04/seed_003/MtrunR108HiC_012482.1_scores_rank_003_alphafold2_ptm_model_4_seed_003.json,False,012482
MtrunR108HiC_012482.1,M478-M501,3,5,1.0,586,92.44508532423208,0.940273037542662,0.9,478,M,98.06,501,M,98.06,98.06,1.645,SD,SD,4.889960020286465,13.40412865531645,3.753156023488608,8.57864233940253,True,True,True,True,True,0,./5 seeds 5 models/NCC1_5seed5model_item_01_MtrunR108HiC_012482.1_seeds_03_04/seed_003/MtrunR108HiC_012482.1_unrelaxed_rank_001_alphafold2_ptm_model_5_seed_003.pdb,./5 seeds 5 models/NCC1_5seed5model_item_01_MtrunR108HiC_012482.1_seeds_03_04/seed_003/MtrunR108HiC_012482.1_scores_rank_001_alphafold2_ptm_model_5_seed_003.json,False,012482
MtrunR108HiC_012482.1,M478-M501,4,1,4.0,586,89.85764505119454,0.909556313993174,0.88,478,M,97.31,501,M,97.44,97.31,1.73,SD,SD,4.824073900760642,15.01262409395443,1.6084954386379686,8.3105597662962,True,True,True,True,True,0,./5 seeds 5 models/NCC1_5seed5model_item_01_MtrunR108HiC_012482.1_seeds_03_04/seed_004/MtrunR108HiC_012482.1_unrelaxed_rank_004_alphafold2_ptm_model_1_seed_004.pdb,./5 seeds 5 models/NCC1_5seed5model_item_01_MtrunR108HiC_012482.1_seeds_03_04/seed_004/MtrunR108HiC_012482.1_scores_rank_004_alphafold2_ptm_model_1_seed_004.json,False,012482
MtrunR108HiC_012482.1,M478-M501,4,2,5.0,586,88.74856655290102,0.8856655290102389,0.88,478,M,97.5,501,M,97.5,97.5,1.68,SD,SD,4.881177726737678,14.476458947741776,1.6084954386379686,8.042477193189873,True,True,True,True,True,0,./5 seeds 5 models/NCC1_5seed5model_item_01_MtrunR108HiC_012482.1_seeds_03_04/seed_004/MtrunR108HiC_012482.1_unrelaxed_rank_005_alphafold2_ptm_model_2_seed_004.pdb,./5 seeds 5 models/NCC1_5seed5model_item_01_MtrunR108HiC_012482.1_seeds_03_04/seed_004/MtrunR108HiC_012482.1_scores_rank_005_alphafold2_ptm_model_2_seed_004.json,False,012482
MtrunR108HiC_012482.1,M478-M501,4,3,1.0,586,92.3837542662116,0.9351535836177476,0.9,478,M,98.12,501,M,98.19,98.12,1.56,SD,SD,4.914328947068966,14.476458947741776,2.144660584850639,8.310559766296208,True,True,True,True,True,0,./5 seeds 5 models/NCC1_5seed5model_item_01_MtrunR108HiC_012482.1_seeds_03_04/seed_004/MtrunR108HiC_012482.1_unrelaxed_rank_001_alphafold2_ptm_model_3_seed_004.pdb,./5 seeds 5 models/NCC1_5seed5model_item_01_MtrunR108HiC_012482.1_seeds_03_04/seed_004/MtrunR108HiC_012482.1_scores_rank_001_alphafold2_ptm_model_3_seed_004.json,False,012482
MtrunR108HiC_012482.1,M478-M501,4,4,2.0,586,92.07363481228668,0.9488054607508531,0.9,478,M,97.5,501,M,97.62,97.5,1.685,SD,SD,4.875228507465058,15.01262409395443,2.144660584850639,8.578642339402535,True,True,True,True,True,0,./5 seeds 5 models/NCC1_5seed5model_item_01_MtrunR108HiC_012482.1_seeds_03_04/seed_004/MtrunR108HiC_012482.1_unrelaxed_rank_002_alphafold2_ptm_model_4_seed_004.pdb,./5 seeds 5 models/NCC1_5seed5model_item_01_MtrunR108HiC_012482.1_seeds_03_04/seed_004/MtrunR108HiC_012482.1_scores_rank_002_alphafold2_ptm_model_4_seed_004.json,False,012482
MtrunR108HiC_012482.1,M478-M501,4,5,3.0,586,91.54368600682594,0.9334470989761092,0.9,478,M,98.19,501,M,98.06,98.06,1.655,SD,SD,4.809091494242961,12.867963509103792,1.6084954386379686,7.238229473870881,True,True,True,True,True,0,./5 seeds 5 models/NCC1_5seed5model_item_01_MtrunR108HiC_012482.1_seeds_03_04/seed_004/MtrunR108HiC_012482.1_unrelaxed_rank_003_alphafold2_ptm_model_5_seed_004.pdb,./5 seeds 5 models/NCC1_5seed5model_item_01_MtrunR108HiC_012482.1_seeds_03_04/seed_004/MtrunR108HiC_012482.1_scores_rank_003_alphafold2_ptm_model_5_seed_004.json,False,012482
MtrunR108HiC_013677.1,M671-H720,0,1,3.0,771,90.15726329442283,0.9195849546044098,0.9,671,M,95.75,720,H,90.81,90.81,2.315,SD,NE2,4.82587712234781,30.56141333412152,13.669855033932588,22.11563418402705,True,True,True,True,True,0,./5 seeds 5 models/NCC1_5seed5model_item_03_MtrunR108HiC_013677.1_isolated_seeds/seed_000/MtrunR108HiC_013677.1_unrelaxed_rank_003_alphafold2_ptm_model_1_seed_000.pdb,./5 seeds 5 models/NCC1_5seed5model_item_03_MtrunR108HiC_013677.1_isolated_seeds/seed_000/MtrunR108HiC_013677.1_scores_rank_003_alphafold2_ptm_model_1_seed_000.json,False,013677
MtrunR108HiC_013677.1,M671-H720,0,2,4.0,771,89.99368352788585,0.9118028534370948,0.91,671,M,96.12,720,H,90.19,90.19,2.1399999999999997,SD,NE2,4.764065280828971,28.952917895483537,15.03684053732584,21.994879216404687,True,True,True,True,True,0,./5 seeds 5 models/NCC1_5seed5model_item_03_MtrunR108HiC_013677.1_isolated_seeds/seed_000/MtrunR108HiC_013677.1_unrelaxed_rank_004_alphafold2_ptm_model_2_seed_000.pdb,./5 seeds 5 models/NCC1_5seed5model_item_03_MtrunR108HiC_013677.1_isolated_seeds/seed_000/MtrunR108HiC_013677.1_scores_rank_004_alphafold2_ptm_model_2_seed_000.json,False,013677
MtrunR108HiC_013677.1,M671-H720,0,3,1.0,771,91.20315175097276,0.9221789883268484,0.92,671,M,96.88,720,H,93.0,93.0,1.98,SD,NE2,4.665325712101995,27.880587603058224,14.125516868397009,21.003052235727615,True,True,True,True,True,0,./5 seeds 5 models/NCC1_5seed5model_item_03_MtrunR108HiC_013677.1_isolated_seeds/seed_000/MtrunR108HiC_013677.1_unrelaxed_rank_001_alphafold2_ptm_model_3_seed_000.pdb,./5 seeds 5 models/NCC1_5seed5model_item_03_MtrunR108HiC_013677.1_isolated_seeds/seed_000/MtrunR108HiC_013677.1_scores_rank_001_alphafold2_ptm_model_3_seed_000.json,False,013677
MtrunR108HiC_013677.1,M671-H720,0,4,5.0,771,89.87731517509728,0.9040207522697796,0.91,671,M,95.94,720,H,89.5,89.5,2.16,SD,NE2,4.840413618690038,31.097578480334175,12.758531365003751,21.928054922668963,True,True,True,True,True,0,./5 seeds 5 models/NCC1_5seed5model_item_03_MtrunR108HiC_013677.1_isolated_seeds/seed_000/MtrunR108HiC_013677.1_unrelaxed_rank_005_alphafold2_ptm_model_4_seed_000.pdb,./5 seeds 5 models/NCC1_5seed5model_item_03_MtrunR108HiC_013677.1_isolated_seeds/seed_000/MtrunR108HiC_013677.1_scores_rank_005_alphafold2_ptm_model_4_seed_000.json,False,013677
MtrunR108HiC_013677.1,M671-H720,0,5,2.0,771,90.4486121919585,0.9040207522697796,0.91,671,M,97.19,720,H,91.88,91.88,1.92,SD,NE2,4.765956986797089,31.097578480334175,13.669855033932588,22.38371675713338,True,True,True,True,True,0,./5 seeds 5 models/NCC1_5seed5model_item_03_MtrunR108HiC_013677.1_isolated_seeds/seed_000/MtrunR108HiC_013677.1_unrelaxed_rank_002_alphafold2_ptm_model_5_seed_000.pdb,./5 seeds 5 models/NCC1_5seed5model_item_03_MtrunR108HiC_013677.1_isolated_seeds/seed_000/MtrunR108HiC_013677.1_scores_rank_002_alphafold2_ptm_model_5_seed_000.json,False,013677
MtrunR108HiC_013677.1,M671-H720,1,1,3.0,771,90.15933852140078,0.9195849546044098,0.9,671,M,95.88,720,H,91.06,91.06,2.375,SD,NE2,4.8650750251152335,31.097578480334175,13.669855033932588,22.38371675713338,True,True,True,True,True,0,./5 seeds 5 models/NCC1_5seed5model_item_03_MtrunR108HiC_013677.1_isolated_seeds/seed_001/MtrunR108HiC_013677.1_unrelaxed_rank_003_alphafold2_ptm_model_1_seed_001.pdb,./5 seeds 5 models/NCC1_5seed5model_item_03_MtrunR108HiC_013677.1_isolated_seeds/seed_001/MtrunR108HiC_013677.1_scores_rank_003_alphafold2_ptm_model_1_seed_001.json,False,013677
MtrunR108HiC_013677.1,M671-H720,1,2,5.0,771,89.87249027237354,0.9105058365758756,0.91,671,M,95.69,720,H,89.94,89.94,2.16,SD,NE2,4.756223396771854,28.416752749270877,13.21419319946817,20.815472974369523,True,True,True,True,True,0,./5 seeds 5 models/NCC1_5seed5model_item_03_MtrunR108HiC_013677.1_isolated_seeds/seed_001/MtrunR108HiC_013677.1_unrelaxed_rank_005_alphafold2_ptm_model_2_seed_001.pdb,./5 seeds 5 models/NCC1_5seed5model_item_03_MtrunR108HiC_013677.1_isolated_seeds/seed_001/MtrunR108HiC_013677.1_scores_rank_005_alphafold2_ptm_model_2_seed_001.json,False,013677
MtrunR108HiC_013677.1,M671-H720,1,3,1.0,771,91.2219195849546,0.9234760051880676,0.92,671,M,96.88,720,H,92.81,92.81,2.025,SD,NE2,4.711476414034139,30.025248187908847,12.758531365003751,21.3918897764563,True,True,True,True,True,0,./5 seeds 5 models/NCC1_5seed5model_item_03_MtrunR108HiC_013677.1_isolated_seeds/seed_001/MtrunR108HiC_013677.1_unrelaxed_rank_001_alphafold2_ptm_model_3_seed_001.pdb,./5 seeds 5 models/NCC1_5seed5model_item_03_MtrunR108HiC_013677.1_isolated_seeds/seed_001/MtrunR108HiC_013677.1_scores_rank_001_alphafold2_ptm_model_3_seed_001.json,False,013677
MtrunR108HiC_013677.1,M671-H720,1,4,4.0,771,89.9785084306096,0.9053177691309988,0.91,671,M,96.0,720,H,89.81,89.81,2.115,SD,NE2,4.828914577832168,31.097578480334175,12.302869530539336,21.700224005436755,True,True,True,True,True,0,./5 seeds 5 models/NCC1_5seed5model_item_03_MtrunR108HiC_013677.1_isolated_seeds/seed_001/MtrunR108HiC_013677.1_unrelaxed_rank_004_alphafold2_ptm_model_4_seed_001.pdb,./5 seeds 5 models/NCC1_5seed5model_item_03_MtrunR108HiC_013677.1_isolated_seeds/seed_001/MtrunR108HiC_013677.1_scores_rank_004_alphafold2_ptm_model_4_seed_001.json,False,013677
MtrunR108HiC_013677.1,M671-H720,1,5,2.0,771,90.19473411154344,0.9040207522697796,0.91,671,M,96.88,720,H,91.56,91.56,2.035,SD,NE2,4.802636255224829,29.48908304169619,13.669855033932588,21.57946903781439,True,True,True,True,True,0,./5 seeds 5 models/NCC1_5seed5model_item_03_MtrunR108HiC_013677.1_isolated_seeds/seed_001/MtrunR108HiC_013677.1_unrelaxed_rank_002_alphafold2_ptm_model_5_seed_001.pdb,./5 seeds 5 models/NCC1_5seed5model_item_03_MtrunR108HiC_013677.1_isolated_seeds/seed_001/MtrunR108HiC_013677.1_scores_rank_002_alphafold2_ptm_model_5_seed_001.json,False,013677
MtrunR108HiC_013677.1,M671-H720,2,1,3.0,771,90.23953307392996,0.9182879377431906,0.9,671,M,96.06,720,H,91.38,91.38,2.26,SD,NE2,4.827542335391787,31.63374362654683,13.21419319946817,22.4239684130075,True,True,True,True,True,0,./5 seeds 5 models/NCC1_5seed5model_item_03_MtrunR108HiC_013677.1_isolated_seeds/seed_002/MtrunR108HiC_013677.1_unrelaxed_rank_003_alphafold2_ptm_model_1_seed_002.pdb,./5 seeds 5 models/NCC1_5seed5model_item_03_MtrunR108HiC_013677.1_isolated_seeds/seed_002/MtrunR108HiC_013677.1_scores_rank_003_alphafold2_ptm_model_1_seed_002.json,False,013677
MtrunR108HiC_013677.1,M671-H720,2,2,5.0,771,89.91261997405967,0.913099870298314,0.91,671,M,95.94,720,H,90.25,90.25,2.27,SD,NE2,4.779297647144398,30.025248187908847,12.302869530539336,21.16405885922409,True,True,True,True,True,0,./5 seeds 5 models/NCC1_5seed5model_item_03_MtrunR108HiC_013677.1_isolated_seeds/seed_002/MtrunR108HiC_013677.1_unrelaxed_rank_005_alphafold2_ptm_model_2_seed_002.pdb,./5 seeds 5 models/NCC1_5seed5model_item_03_MtrunR108HiC_013677.1_isolated_seeds/seed_002/MtrunR108HiC_013677.1_scores_rank_005_alphafold2_ptm_model_2_seed_002.json,False,013677
MtrunR108HiC_013677.1,M671-H720,2,3,1.0,771,91.1923605706874,0.9234760051880676,0.92,671,M,96.81,720,H,92.75,92.75,2.145,SD,NE2,4.705969506913534,31.097578480334175,13.21419319946817,22.155885839901178,True,True,True,True,True,0,./5 seeds 5 models/NCC1_5seed5model_item_03_MtrunR108HiC_013677.1_isolated_seeds/seed_002/MtrunR108HiC_013677.1_unrelaxed_rank_001_alphafold2_ptm_model_3_seed_002.pdb,./5 seeds 5 models/NCC1_5seed5model_item_03_MtrunR108HiC_013677.1_isolated_seeds/seed_002/MtrunR108HiC_013677.1_scores_rank_001_alphafold2_ptm_model_3_seed_002.json,False,013677
MtrunR108HiC_013677.1,M671-H720,2,4,4.0,771,89.9435019455253,0.9053177691309988,0.91,671,M,96.06,720,H,89.69,89.69,2.285,SD,NE2,3.49261449347047,19.301945263655696,7.7462511858951295,13.524098224775411,True,True,True,True,True,0,./5 seeds 5 models/NCC1_5seed5model_item_03_MtrunR108HiC_013677.1_isolated_seeds/seed_002/MtrunR108HiC_013677.1_unrelaxed_rank_004_alphafold2_ptm_model_4_seed_002.pdb,./5 seeds 5 models/NCC1_5seed5model_item_03_MtrunR108HiC_013677.1_isolated_seeds/seed_002/MtrunR108HiC_013677.1_scores_rank_004_alphafold2_ptm_model_4_seed_002.json,False,013677
MtrunR108HiC_013677.1,M671-H720,2,5,2.0,771,90.3714915693904,0.9027237354085604,0.91,671,M,97.06,720,H,91.81,91.81,2.06,SD,NE2,4.781623782775051,29.48908304169619,13.21419319946817,21.35163812058218,True,True,True,True,True,0,./5 seeds 5 models/NCC1_5seed5model_item_03_MtrunR108HiC_013677.1_isolated_seeds/seed_002/MtrunR108HiC_013677.1_unrelaxed_rank_002_alphafold2_ptm_model_5_seed_002.pdb,./5 seeds 5 models/NCC1_5seed5model_item_03_MtrunR108HiC_013677.1_isolated_seeds/seed_002/MtrunR108HiC_013677.1_scores_rank_002_alphafold2_ptm_model_5_seed_002.json,False,013677
MtrunR108HiC_013677.1,M671-H720,3,1,3.0,771,90.1689364461738,0.920881971465629,0.9,671,M,96.0,720,H,91.44,91.44,2.225,SD,NE2,4.8522888413613625,30.56141333412152,12.758531365003751,21.659972349562636,True,True,True,True,True,0,./5 seeds 5 models/NCC1_5seed5model_item_03_MtrunR108HiC_013677.1_isolated_seeds/seed_003/MtrunR108HiC_013677.1_unrelaxed_rank_003_alphafold2_ptm_model_1_seed_003.pdb,./5 seeds 5 models/NCC1_5seed5model_item_03_MtrunR108HiC_013677.1_isolated_seeds/seed_003/MtrunR108HiC_013677.1_scores_rank_003_alphafold2_ptm_model_1_seed_003.json,False,013677
MtrunR108HiC_013677.1,M671-H720,3,2,5.0,771,89.78592736705576,0.9105058365758756,0.9,671,M,95.75,720,H,90.19,90.19,2.145,SD,NE2,4.798059816217382,28.416752749270877,13.669855033932588,21.04330389160173,True,True,True,True,True,0,./5 seeds 5 models/NCC1_5seed5model_item_03_MtrunR108HiC_013677.1_isolated_seeds/seed_003/MtrunR108HiC_013677.1_unrelaxed_rank_005_alphafold2_ptm_model_2_seed_003.pdb,./5 seeds 5 models/NCC1_5seed5model_item_03_MtrunR108HiC_013677.1_isolated_seeds/seed_003/MtrunR108HiC_013677.1_scores_rank_005_alphafold2_ptm_model_2_seed_003.json,False,013677
MtrunR108HiC_013677.1,M671-H720,3,3,1.0,771,91.21203631647212,0.9234760051880676,0.92,671,M,96.94,720,H,93.06,93.06,2.045,SD,NE2,4.709186872486588,30.56141333412152,12.302869530539336,21.432141432330425,True,True,True,True,True,0,./5 seeds 5 models/NCC1_5seed5model_item_03_MtrunR108HiC_013677.1_isolated_seeds/seed_003/MtrunR108HiC_013677.1_unrelaxed_rank_001_alphafold2_ptm_model_3_seed_003.pdb,./5 seeds 5 models/NCC1_5seed5model_item_03_MtrunR108HiC_013677.1_isolated_seeds/seed_003/MtrunR108HiC_013677.1_scores_rank_001_alphafold2_ptm_model_3_seed_003.json,False,013677
MtrunR108HiC_013677.1,M671-H720,3,4,4.0,771,90.03335927367056,0.906614785992218,0.91,671,M,96.12,720,H,90.19,90.19,2.15,SD,NE2,4.762355089658896,30.56141333412152,12.758531365003751,21.659972349562636,True,True,True,True,True,0,./5 seeds 5 models/NCC1_5seed5model_item_03_MtrunR108HiC_013677.1_isolated_seeds/seed_003/MtrunR108HiC_013677.1_unrelaxed_rank_004_alphafold2_ptm_model_4_seed_003.pdb,./5 seeds 5 models/NCC1_5seed5model_item_03_MtrunR108HiC_013677.1_isolated_seeds/seed_003/MtrunR108HiC_013677.1_scores_rank_004_alphafold2_ptm_model_4_seed_003.json,True,013677
MtrunR108HiC_013677.1,M671-H720,3,5,2.0,771,90.4439169909209,0.9040207522697796,0.92,671,M,97.0,720,H,92.0,92.0,2.0,SD,NE2,4.8278282902356855,30.025248187908847,14.581178702861424,22.303213445385136,True,True,True,True,True,0,./5 seeds 5 models/NCC1_5seed5model_item_03_MtrunR108HiC_013677.1_isolated_seeds/seed_003/MtrunR108HiC_013677.1_unrelaxed_rank_002_alphafold2_ptm_model_5_seed_003.pdb,./5 seeds 5 models/NCC1_5seed5model_item_03_MtrunR108HiC_013677.1_isolated_seeds/seed_003/MtrunR108HiC_013677.1_scores_rank_002_alphafold2_ptm_model_5_seed_003.json,False,013677
MtrunR108HiC_013677.1,M671-H720,4,1,2.0,771,90.24029831387809,0.9221789883268484,0.9,671,M,95.75,720,H,90.81,90.81,2.315,SD,NE2,4.819150236296853,31.63374362654683,12.758531365003751,22.19613749577529,True,True,True,True,True,0,./5 seeds 5 models/NCC1_5seed5model_item_03_MtrunR108HiC_013677.1_isolated_seeds/seed_004/MtrunR108HiC_013677.1_unrelaxed_rank_002_alphafold2_ptm_model_1_seed_004.pdb,./5 seeds 5 models/NCC1_5seed5model_item_03_MtrunR108HiC_013677.1_isolated_seeds/seed_004/MtrunR108HiC_013677.1_scores_rank_002_alphafold2_ptm_model_1_seed_004.json,False,013677
MtrunR108HiC_013677.1,M671-H720,4,2,4.0,771,89.98070038910505,0.9105058365758756,0.91,671,M,95.81,720,H,90.12,90.12,2.19,SD,NE2,4.78313338722641,28.416752749270877,14.125516868397009,21.271134808833946,True,True,True,True,True,0,./5 seeds 5 models/NCC1_5seed5model_item_03_MtrunR108HiC_013677.1_isolated_seeds/seed_004/MtrunR108HiC_013677.1_unrelaxed_rank_004_alphafold2_ptm_model_2_seed_004.pdb,./5 seeds 5 models/NCC1_5seed5model_item_03_MtrunR108HiC_013677.1_isolated_seeds/seed_004/MtrunR108HiC_013677.1_scores_rank_004_alphafold2_ptm_model_2_seed_004.json,False,013677
MtrunR108HiC_013677.1,M671-H720,4,3,1.0,771,91.1895460440986,0.9247730220492868,0.92,671,M,96.88,720,H,92.75,92.75,2.0700000000000003,SD,NE2,4.714643252675648,27.880587603058224,12.302869530539336,20.09172856679878,True,True,True,True,True,0,./5 seeds 5 models/NCC1_5seed5model_item_03_MtrunR108HiC_013677.1_isolated_seeds/seed_004/MtrunR108HiC_013677.1_unrelaxed_rank_001_alphafold2_ptm_model_3_seed_004.pdb,./5 seeds 5 models/NCC1_5seed5model_item_03_MtrunR108HiC_013677.1_isolated_seeds/seed_004/MtrunR108HiC_013677.1_scores_rank_001_alphafold2_ptm_model_3_seed_004.json,False,013677
MtrunR108HiC_013677.1,M671-H720,4,4,5.0,771,89.95028534370948,0.9053177691309988,0.91,671,M,96.0,720,H,89.69,89.69,2.18,SD,NE2,4.90456807476459,30.56141333412152,13.21419319946817,21.887803266794844,True,True,True,True,True,0,./5 seeds 5 models/NCC1_5seed5model_item_03_MtrunR108HiC_013677.1_isolated_seeds/seed_004/MtrunR108HiC_013677.1_unrelaxed_rank_005_alphafold2_ptm_model_4_seed_004.pdb,./5 seeds 5 models/NCC1_5seed5model_item_03_MtrunR108HiC_013677.1_isolated_seeds/seed_004/MtrunR108HiC_013677.1_scores_rank_005_alphafold2_ptm_model_4_seed_004.json,False,013677
MtrunR108HiC_013677.1,M671-H720,4,5,3.0,771,90.18581063553826,0.9027237354085604,0.91,671,M,97.0,720,H,91.31,91.31,2.05,SD,NE2,4.793281235229162,30.025248187908847,13.669855033932588,21.84755161092072,True,True,True,True,True,0,./5 seeds 5 models/NCC1_5seed5model_item_03_MtrunR108HiC_013677.1_isolated_seeds/seed_004/MtrunR108HiC_013677.1_unrelaxed_rank_003_alphafold2_ptm_model_5_seed_004.pdb,./5 seeds 5 models/NCC1_5seed5model_item_03_MtrunR108HiC_013677.1_isolated_seeds/seed_004/MtrunR108HiC_013677.1_scores_rank_003_alphafold2_ptm_model_5_seed_004.json,False,013677
MtrunR108HiC_031716.1,H197-M241,0,1,4.0,435,78.2372183908046,0.8045977011494253,0.53,197,H,84.75,241,M,78.0,78.0,4.575,NE2,SD,3.769014990683905,9.568898523752814,8.578642339402528,9.073770431577673,True,True,True,True,True,0,./5 seeds 5 models/NCC1_5seed5model_item_06_MtrunR108HiC_031716.1_isolated_seeds/seed_000/MtrunR108HiC_031716.1_unrelaxed_rank_004_alphafold2_ptm_model_1_seed_000.pdb,./5 seeds 5 models/NCC1_5seed5model_item_06_MtrunR108HiC_031716.1_isolated_seeds/seed_000/MtrunR108HiC_031716.1_scores_rank_004_alphafold2_ptm_model_1_seed_000.json,False,031716
MtrunR108HiC_031716.1,H197-M241,0,2,5.0,435,77.19931034482758,0.7954022988505747,0.58,197,H,84.38,241,M,76.88,76.88,5.66,NE2,SD,3.6639268551651014,9.568898523752814,4.289321169701264,6.929109846727039,True,True,True,True,True,0,./5 seeds 5 models/NCC1_5seed5model_item_06_MtrunR108HiC_031716.1_isolated_seeds/seed_000/MtrunR108HiC_031716.1_unrelaxed_rank_005_alphafold2_ptm_model_2_seed_000.pdb,./5 seeds 5 models/NCC1_5seed5model_item_06_MtrunR108HiC_031716.1_isolated_seeds/seed_000/MtrunR108HiC_031716.1_scores_rank_005_alphafold2_ptm_model_2_seed_000.json,False,031716
MtrunR108HiC_031716.1,H197-M241,0,3,1.0,435,84.07450574712645,0.8942528735632184,0.63,197,H,90.19,241,M,88.0,88.0,2.82,NE2,SD,3.747363473163498,9.113236689288396,4.289321169701264,6.70127892949483,True,True,True,True,True,0,./5 seeds 5 models/NCC1_5seed5model_item_06_MtrunR108HiC_031716.1_isolated_seeds/seed_000/MtrunR108HiC_031716.1_unrelaxed_rank_001_alphafold2_ptm_model_3_seed_000.pdb,./5 seeds 5 models/NCC1_5seed5model_item_06_MtrunR108HiC_031716.1_isolated_seeds/seed_000/MtrunR108HiC_031716.1_scores_rank_001_alphafold2_ptm_model_3_seed_000.json,False,031716
MtrunR108HiC_031716.1,H197-M241,0,4,2.0,435,82.22197701149425,0.8735632183908046,0.54,197,H,89.12,241,M,86.19,86.19,3.135,NE2,SD,3.7816161888800934,15.492502371790271,6.97014690076456,11.231324636277416,True,True,True,True,True,0,./5 seeds 5 models/NCC1_5seed5model_item_06_MtrunR108HiC_031716.1_isolated_seeds/seed_000/MtrunR108HiC_031716.1_unrelaxed_rank_002_alphafold2_ptm_model_4_seed_000.pdb,./5 seeds 5 models/NCC1_5seed5model_item_06_MtrunR108HiC_031716.1_isolated_seeds/seed_000/MtrunR108HiC_031716.1_scores_rank_002_alphafold2_ptm_model_4_seed_000.json,False,031716
MtrunR108HiC_031716.1,H197-M241,0,5,3.0,435,80.10354022988506,0.8505747126436781,0.58,197,H,85.75,241,M,81.75,81.75,3.75,NE2,SD,3.5153733798844193,9.113236689288396,1.0723302924253124,5.0927834908568546,True,True,True,True,True,0,./5 seeds 5 models/NCC1_5seed5model_item_06_MtrunR108HiC_031716.1_isolated_seeds/seed_000/MtrunR108HiC_031716.1_unrelaxed_rank_003_alphafold2_ptm_model_5_seed_000.pdb,./5 seeds 5 models/NCC1_5seed5model_item_06_MtrunR108HiC_031716.1_isolated_seeds/seed_000/MtrunR108HiC_031716.1_scores_rank_003_alphafold2_ptm_model_5_seed_000.json,False,031716
MtrunR108HiC_031716.1,H197-M241,1,1,4.0,435,76.97804597701149,0.7908045977011494,0.53,197,H,84.12,241,M,75.81,75.81,5.59,NE2,SD,3.730178682047285,9.113236689288396,9.65097263182784,9.382104660558118,True,True,True,True,True,0,./5 seeds 5 models/NCC1_5seed5model_item_06_MtrunR108HiC_031716.1_isolated_seeds/seed_001/MtrunR108HiC_031716.1_unrelaxed_rank_004_alphafold2_ptm_model_1_seed_001.pdb,./5 seeds 5 models/NCC1_5seed5model_item_06_MtrunR108HiC_031716.1_isolated_seeds/seed_001/MtrunR108HiC_031716.1_scores_rank_004_alphafold2_ptm_model_1_seed_001.json,False,031716
MtrunR108HiC_031716.1,H197-M241,1,2,5.0,435,76.34974712643678,0.7862068965517242,0.57,197,H,83.25,241,M,74.12,74.12,6.135,NE2,SD,3.658082967894519,10.024560358217231,6.433981754551903,8.229271056384567,True,True,True,True,True,0,./5 seeds 5 models/NCC1_5seed5model_item_06_MtrunR108HiC_031716.1_isolated_seeds/seed_001/MtrunR108HiC_031716.1_unrelaxed_rank_005_alphafold2_ptm_model_2_seed_001.pdb,./5 seeds 5 models/NCC1_5seed5model_item_06_MtrunR108HiC_031716.1_isolated_seeds/seed_001/MtrunR108HiC_031716.1_scores_rank_005_alphafold2_ptm_model_2_seed_001.json,False,031716
MtrunR108HiC_031716.1,H197-M241,1,3,1.0,435,83.76829885057471,0.8942528735632184,0.63,197,H,89.88,241,M,87.81,87.81,3.1449999999999996,NE2,SD,3.742703434684616,7.290589351430713,3.2169908772759515,5.2537901143533325,True,True,True,True,True,0,./5 seeds 5 models/NCC1_5seed5model_item_06_MtrunR108HiC_031716.1_isolated_seeds/seed_001/MtrunR108HiC_031716.1_unrelaxed_rank_001_alphafold2_ptm_model_3_seed_001.pdb,./5 seeds 5 models/NCC1_5seed5model_item_06_MtrunR108HiC_031716.1_isolated_seeds/seed_001/MtrunR108HiC_031716.1_scores_rank_001_alphafold2_ptm_model_3_seed_001.json,False,031716
MtrunR108HiC_031716.1,H197-M241,1,4,2.0,435,82.51793103448277,0.8873563218390804,0.55,197,H,89.31,241,M,86.56,86.56,3.0999999999999996,NE2,SD,3.71190113014881,14.581178702861424,5.361651462126576,9.971415082494,True,True,True,True,True,0,./5 seeds 5 models/NCC1_5seed5model_item_06_MtrunR108HiC_031716.1_isolated_seeds/seed_001/MtrunR108HiC_031716.1_unrelaxed_rank_002_alphafold2_ptm_model_4_seed_001.pdb,./5 seeds 5 models/NCC1_5seed5model_item_06_MtrunR108HiC_031716.1_isolated_seeds/seed_001/MtrunR108HiC_031716.1_scores_rank_002_alphafold2_ptm_model_4_seed_001.json,False,031716
MtrunR108HiC_031716.1,H197-M241,1,5,3.0,435,80.28445977011495,0.8505747126436781,0.58,197,H,86.44,241,M,82.81,82.81,4.005,NE2,SD,3.469780396509268,7.7462511858951295,1.0723302924253124,4.409290739160221,True,True,True,False,False,1,./5 seeds 5 models/NCC1_5seed5model_item_06_MtrunR108HiC_031716.1_isolated_seeds/seed_001/MtrunR108HiC_031716.1_unrelaxed_rank_003_alphafold2_ptm_model_5_seed_001.pdb,./5 seeds 5 models/NCC1_5seed5model_item_06_MtrunR108HiC_031716.1_isolated_seeds/seed_001/MtrunR108HiC_031716.1_scores_rank_003_alphafold2_ptm_model_5_seed_001.json,False,031716
MtrunR108HiC_031716.1,H197-M241,2,1,4.0,435,78.4157471264368,0.8206896551724138,0.53,197,H,85.44,241,M,79.38,79.38,4.52,NE2,SD,3.6714491689249926,8.201913020359548,8.578642339402528,8.390277679881038,True,True,True,True,True,0,./5 seeds 5 models/NCC1_5seed5model_item_06_MtrunR108HiC_031716.1_isolated_seeds/seed_002/MtrunR108HiC_031716.1_unrelaxed_rank_004_alphafold2_ptm_model_1_seed_002.pdb,./5 seeds 5 models/NCC1_5seed5model_item_06_MtrunR108HiC_031716.1_isolated_seeds/seed_002/MtrunR108HiC_031716.1_scores_rank_004_alphafold2_ptm_model_1_seed_002.json,False,031716
MtrunR108HiC_031716.1,H197-M241,2,2,5.0,435,77.22319540229884,0.8045977011494253,0.58,197,H,84.62,241,M,77.25,77.25,5.45,NE2,SD,3.68101086659629,10.024560358217231,5.361651462126576,7.693105910171903,True,True,True,True,True,0,./5 seeds 5 models/NCC1_5seed5model_item_06_MtrunR108HiC_031716.1_isolated_seeds/seed_002/MtrunR108HiC_031716.1_unrelaxed_rank_005_alphafold2_ptm_model_2_seed_002.pdb,./5 seeds 5 models/NCC1_5seed5model_item_06_MtrunR108HiC_031716.1_isolated_seeds/seed_002/MtrunR108HiC_031716.1_scores_rank_005_alphafold2_ptm_model_2_seed_002.json,False,031716
MtrunR108HiC_031716.1,H197-M241,2,3,1.0,435,84.58301149425287,0.9126436781609196,0.62,197,H,90.44,241,M,88.81,88.81,2.685,NE2,SD,3.7757714443541226,7.290589351430713,4.8254863159139205,6.058037833672317,True,True,True,True,True,0,./5 seeds 5 models/NCC1_5seed5model_item_06_MtrunR108HiC_031716.1_isolated_seeds/seed_002/MtrunR108HiC_031716.1_unrelaxed_rank_001_alphafold2_ptm_model_3_seed_002.pdb,./5 seeds 5 models/NCC1_5seed5model_item_06_MtrunR108HiC_031716.1_isolated_seeds/seed_002/MtrunR108HiC_031716.1_scores_rank_001_alphafold2_ptm_model_3_seed_002.json,False,031716
MtrunR108HiC_031716.1,H197-M241,2,4,2.0,435,82.80351724137931,0.8942528735632184,0.55,197,H,89.88,241,M,87.12,87.12,2.6950000000000003,NE2,SD,3.746679196301707,15.94816420625469,5.897816608339233,10.92299040729696,True,True,True,True,True,0,./5 seeds 5 models/NCC1_5seed5model_item_06_MtrunR108HiC_031716.1_isolated_seeds/seed_002/MtrunR108HiC_031716.1_unrelaxed_rank_002_alphafold2_ptm_model_4_seed_002.pdb,./5 seeds 5 models/NCC1_5seed5model_item_06_MtrunR108HiC_031716.1_isolated_seeds/seed_002/MtrunR108HiC_031716.1_scores_rank_002_alphafold2_ptm_model_4_seed_002.json,False,031716
MtrunR108HiC_031716.1,H197-M241,2,5,3.0,435,80.47606896551723,0.8528735632183908,0.58,197,H,87.12,241,M,83.94,83.94,3.27,NE2,SD,3.5540479737898867,7.7462511858951295,1.0723302924253124,4.409290739160221,True,True,True,False,False,1,./5 seeds 5 models/NCC1_5seed5model_item_06_MtrunR108HiC_031716.1_isolated_seeds/seed_002/MtrunR108HiC_031716.1_unrelaxed_rank_003_alphafold2_ptm_model_5_seed_002.pdb,./5 seeds 5 models/NCC1_5seed5model_item_06_MtrunR108HiC_031716.1_isolated_seeds/seed_002/MtrunR108HiC_031716.1_scores_rank_003_alphafold2_ptm_model_5_seed_002.json,False,031716
MtrunR108HiC_031716.1,H197-M241,3,1,4.0,435,78.22650574712644,0.8091954022988506,0.53,197,H,85.75,241,M,79.06,79.06,4.695,NE2,SD,3.722928148648589,9.568898523752814,8.042477193189871,8.805687858471343,True,True,True,True,True,0,./5 seeds 5 models/NCC1_5seed5model_item_06_MtrunR108HiC_031716.1_isolated_seeds/seed_003/MtrunR108HiC_031716.1_unrelaxed_rank_004_alphafold2_ptm_model_1_seed_003.pdb,./5 seeds 5 models/NCC1_5seed5model_item_06_MtrunR108HiC_031716.1_isolated_seeds/seed_003/MtrunR108HiC_031716.1_scores_rank_004_alphafold2_ptm_model_1_seed_003.json,True,031716
MtrunR108HiC_031716.1,H197-M241,3,2,5.0,435,77.98850574712644,0.8114942528735632,0.58,197,H,84.94,241,M,78.06,78.06,5.525,NE2,SD,3.64574423129215,9.113236689288396,5.897816608339233,7.505526648813815,True,True,True,True,True,0,./5 seeds 5 models/NCC1_5seed5model_item_06_MtrunR108HiC_031716.1_isolated_seeds/seed_003/MtrunR108HiC_031716.1_unrelaxed_rank_005_alphafold2_ptm_model_2_seed_003.pdb,./5 seeds 5 models/NCC1_5seed5model_item_06_MtrunR108HiC_031716.1_isolated_seeds/seed_003/MtrunR108HiC_031716.1_scores_rank_005_alphafold2_ptm_model_2_seed_003.json,False,031716
MtrunR108HiC_031716.1,H197-M241,3,3,1.0,435,83.82836781609194,0.896551724137931,0.62,197,H,90.5,241,M,88.56,88.56,2.825,NE2,SD,3.7210282181139127,8.657574854823977,1.6084954386379686,5.133035146730973,True,True,True,True,True,0,./5 seeds 5 models/NCC1_5seed5model_item_06_MtrunR108HiC_031716.1_isolated_seeds/seed_003/MtrunR108HiC_031716.1_unrelaxed_rank_001_alphafold2_ptm_model_3_seed_003.pdb,./5 seeds 5 models/NCC1_5seed5model_item_06_MtrunR108HiC_031716.1_isolated_seeds/seed_003/MtrunR108HiC_031716.1_scores_rank_001_alphafold2_ptm_model_3_seed_003.json,False,031716
MtrunR108HiC_031716.1,H197-M241,3,4,2.0,435,82.69935632183908,0.8942528735632184,0.54,197,H,89.75,241,M,87.19,87.19,2.815,NE2,SD,3.735684274667763,13.21419319946817,6.433981754551903,9.824087477010035,True,True,True,True,True,0,./5 seeds 5 models/NCC1_5seed5model_item_06_MtrunR108HiC_031716.1_isolated_seeds/seed_003/MtrunR108HiC_031716.1_unrelaxed_rank_002_alphafold2_ptm_model_4_seed_003.pdb,./5 seeds 5 models/NCC1_5seed5model_item_06_MtrunR108HiC_031716.1_isolated_seeds/seed_003/MtrunR108HiC_031716.1_scores_rank_002_alphafold2_ptm_model_4_seed_003.json,False,031716
MtrunR108HiC_031716.1,H197-M241,3,5,3.0,435,80.3034712643678,0.8528735632183908,0.58,197,H,86.5,241,M,82.88,82.88,3.835,NE2,SD,3.5275994670597135,6.834927516966294,1.0723302924253124,3.9536289046958033,True,True,True,False,False,1,./5 seeds 5 models/NCC1_5seed5model_item_06_MtrunR108HiC_031716.1_isolated_seeds/seed_003/MtrunR108HiC_031716.1_unrelaxed_rank_003_alphafold2_ptm_model_5_seed_003.pdb,./5 seeds 5 models/NCC1_5seed5model_item_06_MtrunR108HiC_031716.1_isolated_seeds/seed_003/MtrunR108HiC_031716.1_scores_rank_003_alphafold2_ptm_model_5_seed_003.json,False,031716
MtrunR108HiC_031716.1,H197-M241,4,1,4.0,435,77.43227586206895,0.8068965517241379,0.53,197,H,84.38,241,M,77.19,77.19,4.705,NE2,SD,3.753055421919584,8.657574854823977,8.042477193189871,8.350026024006924,True,True,True,True,True,0,./5 seeds 5 models/NCC1_5seed5model_item_06_MtrunR108HiC_031716.1_isolated_seeds/seed_004/MtrunR108HiC_031716.1_unrelaxed_rank_004_alphafold2_ptm_model_1_seed_004.pdb,./5 seeds 5 models/NCC1_5seed5model_item_06_MtrunR108HiC_031716.1_isolated_seeds/seed_004/MtrunR108HiC_031716.1_scores_rank_004_alphafold2_ptm_model_1_seed_004.json,False,031716
MtrunR108HiC_031716.1,H197-M241,4,2,5.0,435,77.28620689655172,0.8022988505747126,0.58,197,H,84.38,241,M,76.56,76.56,5.4,NE2,SD,3.6969460369337286,9.568898523752814,5.361651462126576,7.465274992939696,True,True,True,True,True,0,./5 seeds 5 models/NCC1_5seed5model_item_06_MtrunR108HiC_031716.1_isolated_seeds/seed_004/MtrunR108HiC_031716.1_unrelaxed_rank_005_alphafold2_ptm_model_2_seed_004.pdb,./5 seeds 5 models/NCC1_5seed5model_item_06_MtrunR108HiC_031716.1_isolated_seeds/seed_004/MtrunR108HiC_031716.1_scores_rank_005_alphafold2_ptm_model_2_seed_004.json,False,031716
MtrunR108HiC_031716.1,H197-M241,4,3,1.0,435,84.02112643678161,0.8988505747126436,0.62,197,H,90.06,241,M,88.19,88.19,2.875,NE2,SD,3.753578159569881,6.834927516966294,4.8254863159139205,5.830206916440107,True,True,True,True,True,0,./5 seeds 5 models/NCC1_5seed5model_item_06_MtrunR108HiC_031716.1_isolated_seeds/seed_004/MtrunR108HiC_031716.1_unrelaxed_rank_001_alphafold2_ptm_model_3_seed_004.pdb,./5 seeds 5 models/NCC1_5seed5model_item_06_MtrunR108HiC_031716.1_isolated_seeds/seed_004/MtrunR108HiC_031716.1_scores_rank_001_alphafold2_ptm_model_3_seed_004.json,False,031716
MtrunR108HiC_031716.1,H197-M241,4,4,2.0,435,82.16802298850575,0.8804597701149425,0.54,197,H,88.94,241,M,85.88,85.88,2.9450000000000003,NE2,SD,3.782783631137259,16.403826040719107,8.042477193189871,12.223151616954487,True,True,True,True,True,0,./5 seeds 5 models/NCC1_5seed5model_item_06_MtrunR108HiC_031716.1_isolated_seeds/seed_004/MtrunR108HiC_031716.1_unrelaxed_rank_002_alphafold2_ptm_model_4_seed_004.pdb,./5 seeds 5 models/NCC1_5seed5model_item_06_MtrunR108HiC_031716.1_isolated_seeds/seed_004/MtrunR108HiC_031716.1_scores_rank_002_alphafold2_ptm_model_4_seed_004.json,False,031716
MtrunR108HiC_031716.1,H197-M241,4,5,3.0,435,81.00190804597702,0.864367816091954,0.59,197,H,87.06,241,M,83.88,83.88,3.4800000000000004,NE2,SD,3.5551046398101978,7.7462511858951295,1.0723302924253124,4.409290739160221,True,True,True,False,False,1,./5 seeds 5 models/NCC1_5seed5model_item_06_MtrunR108HiC_031716.1_isolated_seeds/seed_004/MtrunR108HiC_031716.1_unrelaxed_rank_003_alphafold2_ptm_model_5_seed_004.pdb,./5 seeds 5 models/NCC1_5seed5model_item_06_MtrunR108HiC_031716.1_isolated_seeds/seed_004/MtrunR108HiC_031716.1_scores_rank_003_alphafold2_ptm_model_5_seed_004.json,False,031716
